<?xml version="1.0" encoding="UTF-8"?>
<mxfile host="app.diagrams.net" agent="Mozilla/5.0 (Windows NT 10.0; Win64; x64) AppleWebKit/537.36 (KHTML, like Gecko) Chrome/136.0.0.0 Safari/537.36" version="27.0.9">
  <diagram name="Página-1" id="FJEGEj2mInLKd54vdK3i">
    <mxGraphModel dx="1042" dy="527" grid="1" gridSize="10" guides="1" tooltips="1" connect="1" arrows="1" fold="1" page="1" pageScale="1" pageWidth="827" pageHeight="1169" math="0" shadow="0">
      <root>
        <mxCell id="0" />
        <mxCell id="1" parent="0" />
        <mxCell id="BCgXN6taBu9LlVwnlVQh-1" value="" style="whiteSpace=wrap;html=1;" parent="1" vertex="1">
          <mxGeometry x="110" y="60" width="610" height="540" as="geometry" />
        </mxCell>
        <mxCell id="BCgXN6taBu9LlVwnlVQh-2" value="administrador&lt;div&gt;inventario&lt;/div&gt;" style="shape=umlActor;verticalLabelPosition=bottom;verticalAlign=top;html=1;outlineConnect=0;" parent="1" vertex="1">
          <mxGeometry x="50" y="170" width="30" height="60" as="geometry" />
        </mxCell>
        <mxCell id="BCgXN6taBu9LlVwnlVQh-5" value="Añadir nuevo Producto" style="ellipse;html=1;whiteSpace=wrap;" parent="1" vertex="1">
          <mxGeometry x="210" y="80" width="100" height="30" as="geometry" />
        </mxCell>
        <mxCell id="BCgXN6taBu9LlVwnlVQh-6" value="Editar Producto" style="ellipse;html=1;whiteSpace=wrap;" parent="1" vertex="1">
          <mxGeometry x="200" y="130" width="100" height="30" as="geometry" />
        </mxCell>
        <mxCell id="BCgXN6taBu9LlVwnlVQh-7" value="&lt;div&gt;Eliminar Producto&lt;/div&gt;" style="ellipse;html=1;whiteSpace=wrap;" parent="1" vertex="1">
          <mxGeometry x="255" y="230" width="110" height="30" as="geometry" />
        </mxCell>
        <mxCell id="BCgXN6taBu9LlVwnlVQh-8" value="" style="endArrow=none;html=1;rounded=0;entryX=0;entryY=1;entryDx=0;entryDy=0;" parent="1" source="BCgXN6taBu9LlVwnlVQh-2" target="BCgXN6taBu9LlVwnlVQh-5" edge="1">
          <mxGeometry width="50" height="50" relative="1" as="geometry">
            <mxPoint x="280" y="290" as="sourcePoint" />
            <mxPoint x="330" y="240" as="targetPoint" />
          </mxGeometry>
        </mxCell>
        <mxCell id="BCgXN6taBu9LlVwnlVQh-10" value="" style="endArrow=none;html=1;rounded=0;" parent="1" source="BCgXN6taBu9LlVwnlVQh-2" target="BCgXN6taBu9LlVwnlVQh-6" edge="1">
          <mxGeometry width="50" height="50" relative="1" as="geometry">
            <mxPoint x="90" y="305" as="sourcePoint" />
            <mxPoint x="245" y="256" as="targetPoint" />
          </mxGeometry>
        </mxCell>
        <mxCell id="BCgXN6taBu9LlVwnlVQh-11" value="" style="endArrow=none;html=1;rounded=0;entryX=0;entryY=0.5;entryDx=0;entryDy=0;" parent="1" source="BCgXN6taBu9LlVwnlVQh-2" target="BCgXN6taBu9LlVwnlVQh-7" edge="1">
          <mxGeometry width="50" height="50" relative="1" as="geometry">
            <mxPoint x="100" y="315" as="sourcePoint" />
            <mxPoint x="255" y="266" as="targetPoint" />
          </mxGeometry>
        </mxCell>
        <mxCell id="BCgXN6taBu9LlVwnlVQh-13" value="sistema&amp;nbsp;&lt;div&gt;gestion inventario&lt;/div&gt;" style="shape=umlActor;verticalLabelPosition=bottom;verticalAlign=top;html=1;outlineConnect=0;" parent="1" vertex="1">
          <mxGeometry x="760" y="165" width="30" height="60" as="geometry" />
        </mxCell>
        <mxCell id="BCgXN6taBu9LlVwnlVQh-14" value="consultar inventario" style="ellipse;html=1;whiteSpace=wrap;" parent="1" vertex="1">
          <mxGeometry x="430" y="180" width="100" height="30" as="geometry" />
        </mxCell>
        <mxCell id="BCgXN6taBu9LlVwnlVQh-17" value="empleado" style="shape=umlActor;verticalLabelPosition=bottom;verticalAlign=top;html=1;outlineConnect=0;" parent="1" vertex="1">
          <mxGeometry x="50" y="390" width="30" height="60" as="geometry" />
        </mxCell>
        <mxCell id="BCgXN6taBu9LlVwnlVQh-22" value="&amp;lt;&amp;lt;include&amp;gt;&amp;gt;" style="html=1;verticalAlign=bottom;labelBackgroundColor=none;endArrow=open;endFill=0;dashed=1;rounded=0;exitX=1;exitY=0.5;exitDx=0;exitDy=0;" parent="1" source="BCgXN6taBu9LlVwnlVQh-7" target="BCgXN6taBu9LlVwnlVQh-14" edge="1">
          <mxGeometry width="160" relative="1" as="geometry">
            <mxPoint x="400" y="350" as="sourcePoint" />
            <mxPoint x="560" y="350" as="targetPoint" />
          </mxGeometry>
        </mxCell>
        <mxCell id="BCgXN6taBu9LlVwnlVQh-24" value="&amp;lt;&amp;lt;include&amp;gt;&amp;gt;" style="html=1;verticalAlign=bottom;labelBackgroundColor=none;endArrow=open;endFill=0;dashed=1;rounded=0;exitX=1;exitY=0.5;exitDx=0;exitDy=0;entryX=0;entryY=0.5;entryDx=0;entryDy=0;" parent="1" source="BCgXN6taBu9LlVwnlVQh-6" target="BCgXN6taBu9LlVwnlVQh-14" edge="1">
          <mxGeometry width="160" relative="1" as="geometry">
            <mxPoint x="310" y="255" as="sourcePoint" />
            <mxPoint x="420" y="215" as="targetPoint" />
          </mxGeometry>
        </mxCell>
        <mxCell id="BCgXN6taBu9LlVwnlVQh-25" value="&amp;lt;&amp;lt;include&amp;gt;&amp;gt;" style="html=1;verticalAlign=bottom;labelBackgroundColor=none;endArrow=open;endFill=0;dashed=1;rounded=0;exitX=0.938;exitY=0.694;exitDx=0;exitDy=0;exitPerimeter=0;entryX=0.059;entryY=0.321;entryDx=0;entryDy=0;entryPerimeter=0;" parent="1" source="BCgXN6taBu9LlVwnlVQh-5" target="BCgXN6taBu9LlVwnlVQh-14" edge="1">
          <mxGeometry x="0.0175" y="13" width="160" relative="1" as="geometry">
            <mxPoint x="320" y="265" as="sourcePoint" />
            <mxPoint x="460" y="295" as="targetPoint" />
            <mxPoint as="offset" />
          </mxGeometry>
        </mxCell>
        <mxCell id="BCgXN6taBu9LlVwnlVQh-26" value="" style="endArrow=none;html=1;rounded=0;exitX=1;exitY=0.5;exitDx=0;exitDy=0;" parent="1" source="BCgXN6taBu9LlVwnlVQh-14" target="BCgXN6taBu9LlVwnlVQh-13" edge="1">
          <mxGeometry width="50" height="50" relative="1" as="geometry">
            <mxPoint x="90" y="423" as="sourcePoint" />
            <mxPoint x="490" y="240" as="targetPoint" />
          </mxGeometry>
        </mxCell>
        <mxCell id="BCgXN6taBu9LlVwnlVQh-27" value="realizar venta" style="ellipse;html=1;whiteSpace=wrap;" parent="1" vertex="1">
          <mxGeometry x="380" y="440" width="100" height="30" as="geometry" />
        </mxCell>
        <mxCell id="BCgXN6taBu9LlVwnlVQh-28" value="" style="endArrow=none;html=1;rounded=0;" parent="1" source="BCgXN6taBu9LlVwnlVQh-17" target="BCgXN6taBu9LlVwnlVQh-27" edge="1">
          <mxGeometry width="50" height="50" relative="1" as="geometry">
            <mxPoint x="90" y="422" as="sourcePoint" />
            <mxPoint x="490" y="220" as="targetPoint" />
          </mxGeometry>
        </mxCell>
        <mxCell id="BCgXN6taBu9LlVwnlVQh-29" value="&amp;lt;&amp;lt;include&amp;gt;&amp;gt;" style="html=1;verticalAlign=bottom;labelBackgroundColor=none;endArrow=open;endFill=0;dashed=1;rounded=0;entryX=0.6;entryY=1;entryDx=0;entryDy=0;entryPerimeter=0;" parent="1" source="BCgXN6taBu9LlVwnlVQh-27" target="BCgXN6taBu9LlVwnlVQh-14" edge="1">
          <mxGeometry x="-0.2504" y="-26" width="160" relative="1" as="geometry">
            <mxPoint x="310" y="255" as="sourcePoint" />
            <mxPoint x="453" y="215" as="targetPoint" />
            <mxPoint as="offset" />
          </mxGeometry>
        </mxCell>
        <mxCell id="BCgXN6taBu9LlVwnlVQh-30" value="" style="endArrow=none;html=1;rounded=0;" parent="1" source="BCgXN6taBu9LlVwnlVQh-2" edge="1">
          <mxGeometry width="50" height="50" relative="1" as="geometry">
            <mxPoint x="90" y="422" as="sourcePoint" />
            <mxPoint x="430" y="200" as="targetPoint" />
          </mxGeometry>
        </mxCell>
        <mxCell id="BCgXN6taBu9LlVwnlVQh-32" value="buscar producto" style="ellipse;html=1;whiteSpace=wrap;" parent="1" vertex="1">
          <mxGeometry x="314" y="390" width="100" height="30" as="geometry" />
        </mxCell>
        <mxCell id="BCgXN6taBu9LlVwnlVQh-33" value="" style="endArrow=none;html=1;rounded=0;entryX=0;entryY=1;entryDx=0;entryDy=0;" parent="1" source="BCgXN6taBu9LlVwnlVQh-17" target="BCgXN6taBu9LlVwnlVQh-32" edge="1">
          <mxGeometry width="50" height="50" relative="1" as="geometry">
            <mxPoint x="90" y="427" as="sourcePoint" />
            <mxPoint x="299" y="383" as="targetPoint" />
          </mxGeometry>
        </mxCell>
        <mxCell id="BCgXN6taBu9LlVwnlVQh-36" value="&amp;lt;&amp;lt;include&amp;gt;&amp;gt;" style="html=1;verticalAlign=bottom;labelBackgroundColor=none;endArrow=open;endFill=0;dashed=1;rounded=0;exitX=1;exitY=0.5;exitDx=0;exitDy=0;" parent="1" source="BCgXN6taBu9LlVwnlVQh-32" target="BCgXN6taBu9LlVwnlVQh-14" edge="1">
          <mxGeometry x="-0.2508" y="15" width="160" relative="1" as="geometry">
            <mxPoint x="355" y="361" as="sourcePoint" />
            <mxPoint x="500" y="220" as="targetPoint" />
            <mxPoint y="-1" as="offset" />
          </mxGeometry>
        </mxCell>
        <mxCell id="BCgXN6taBu9LlVwnlVQh-37" value="&lt;div&gt;generar reporte&lt;/div&gt;" style="ellipse;html=1;whiteSpace=wrap;" parent="1" vertex="1">
          <mxGeometry x="210" y="290" width="110" height="30" as="geometry" />
        </mxCell>
        <mxCell id="BCgXN6taBu9LlVwnlVQh-38" value="" style="endArrow=none;html=1;rounded=0;" parent="1" source="BCgXN6taBu9LlVwnlVQh-2" target="BCgXN6taBu9LlVwnlVQh-37" edge="1">
          <mxGeometry width="50" height="50" relative="1" as="geometry">
            <mxPoint x="90" y="213" as="sourcePoint" />
            <mxPoint x="200" y="235" as="targetPoint" />
          </mxGeometry>
        </mxCell>
        <mxCell id="BCgXN6taBu9LlVwnlVQh-40" value="gestion de inventario" style="text;html=1;align=center;verticalAlign=middle;whiteSpace=wrap;rounded=0;" parent="1" vertex="1">
          <mxGeometry x="365" y="40" width="130" height="30" as="geometry" />
        </mxCell>
      </root>
    </mxGraphModel>
  </diagram>
</mxfile>
