<?xml version="1.0" encoding="UTF-8"?>
<mxfile host="app.diagrams.net" agent="Mozilla/5.0 (Windows NT 10.0; Win64; x64) AppleWebKit/537.36 (KHTML, like Gecko) Chrome/136.0.0.0 Safari/537.36" version="27.0.9">
  <diagram name="Página-1" id="86Pv1d_2O4ku3vUWcX3-">
    <mxGraphModel dx="1042" dy="527" grid="1" gridSize="10" guides="1" tooltips="1" connect="1" arrows="1" fold="1" page="1" pageScale="1" pageWidth="827" pageHeight="1169" math="0" shadow="0">
      <root>
        <mxCell id="0" />
        <mxCell id="1" parent="0" />
        <mxCell id="JQ6kS5iCZawHnyPoa9x--1" value="" style="whiteSpace=wrap;html=1;" parent="1" vertex="1">
          <mxGeometry x="144" y="20" width="540" height="580" as="geometry" />
        </mxCell>
        <mxCell id="JQ6kS5iCZawHnyPoa9x--2" value="usuario" style="shape=umlActor;verticalLabelPosition=bottom;verticalAlign=top;html=1;outlineConnect=0;" parent="1" vertex="1">
          <mxGeometry x="30" y="320" width="20" height="30" as="geometry" />
        </mxCell>
        <mxCell id="JQ6kS5iCZawHnyPoa9x--5" value="cliente&lt;span style=&quot;color: rgba(0, 0, 0, 0); font-family: monospace; font-size: 0px; text-align: start;&quot;&gt;%3CmxGraphModel%3E%3Croot%3E%3CmxCell%20id%3D%220%22%2F%3E%3CmxCell%20id%3D%221%22%20parent%3D%220%22%2F%3E%3CmxCell%20id%3D%222%22%20value%3D%22usuario%22%20style%3D%22shape%3DumlActor%3BverticalLabelPosition%3Dbottom%3BverticalAlign%3Dtop%3Bhtml%3D1%3BoutlineConnect%3D0%3B%22%20vertex%3D%221%22%20parent%3D%221%22%3E%3CmxGeometry%20x%3D%22120%22%20y%3D%22230%22%20width%3D%2220%22%20height%3D%2230%22%20as%3D%22geometry%22%2F%3E%3C%2FmxCell%3E%3C%2Froot%3E%3C%2FmxGraphModel%3E&lt;/span&gt;" style="shape=umlActor;verticalLabelPosition=bottom;verticalAlign=top;html=1;outlineConnect=0;" parent="1" vertex="1">
          <mxGeometry x="60" y="500" width="20" height="30" as="geometry" />
        </mxCell>
        <mxCell id="JQ6kS5iCZawHnyPoa9x--27" style="rounded=1;orthogonalLoop=1;jettySize=auto;html=1;endArrow=none;startFill=0;" parent="1" source="JQ6kS5iCZawHnyPoa9x--6" target="JQ6kS5iCZawHnyPoa9x--20" edge="1">
          <mxGeometry relative="1" as="geometry" />
        </mxCell>
        <mxCell id="JQ6kS5iCZawHnyPoa9x--28" style="rounded=0;orthogonalLoop=1;jettySize=auto;html=1;endArrow=none;startFill=0;" parent="1" source="JQ6kS5iCZawHnyPoa9x--6" target="JQ6kS5iCZawHnyPoa9x--21" edge="1">
          <mxGeometry relative="1" as="geometry" />
        </mxCell>
        <mxCell id="JQ6kS5iCZawHnyPoa9x--29" style="rounded=0;orthogonalLoop=1;jettySize=auto;html=1;entryX=0;entryY=0.5;entryDx=0;entryDy=0;endArrow=none;startFill=0;" parent="1" source="JQ6kS5iCZawHnyPoa9x--6" target="JQ6kS5iCZawHnyPoa9x--22" edge="1">
          <mxGeometry relative="1" as="geometry" />
        </mxCell>
        <mxCell id="JQ6kS5iCZawHnyPoa9x--6" value="administrador" style="shape=umlActor;verticalLabelPosition=bottom;verticalAlign=top;html=1;outlineConnect=0;" parent="1" vertex="1">
          <mxGeometry x="50" y="115" width="20" height="30" as="geometry" />
        </mxCell>
        <mxCell id="JQ6kS5iCZawHnyPoa9x--11" style="rounded=0;orthogonalLoop=1;jettySize=auto;html=1;endArrow=blockThin;endFill=0;endSize=11;exitX=0.5;exitY=0;exitDx=0;exitDy=0;exitPerimeter=0;" parent="1" source="JQ6kS5iCZawHnyPoa9x--5" target="JQ6kS5iCZawHnyPoa9x--2" edge="1">
          <mxGeometry relative="1" as="geometry">
            <mxPoint x="70" y="500" as="sourcePoint" />
            <mxPoint x="56" y="370" as="targetPoint" />
          </mxGeometry>
        </mxCell>
        <mxCell id="JQ6kS5iCZawHnyPoa9x--13" style="rounded=0;orthogonalLoop=1;jettySize=auto;html=1;endArrow=blockThin;endFill=0;endSize=11;entryX=0.5;entryY=0;entryDx=0;entryDy=0;entryPerimeter=0;" parent="1" target="JQ6kS5iCZawHnyPoa9x--2" edge="1">
          <mxGeometry relative="1" as="geometry">
            <mxPoint x="50" y="165" as="sourcePoint" />
            <mxPoint x="110" y="235" as="targetPoint" />
          </mxGeometry>
        </mxCell>
        <mxCell id="JQ6kS5iCZawHnyPoa9x--20" value="&lt;font style=&quot;font-size: 9px;&quot;&gt;gestionar inventario&lt;/font&gt;" style="ellipse;html=1;whiteSpace=wrap;" parent="1" vertex="1">
          <mxGeometry x="200" y="85" width="100" height="40" as="geometry" />
        </mxCell>
        <mxCell id="JQ6kS5iCZawHnyPoa9x--21" value="&lt;font style=&quot;font-size: 9px;&quot;&gt;gestionar cuentas&lt;/font&gt;" style="ellipse;html=1;whiteSpace=wrap;" parent="1" vertex="1">
          <mxGeometry x="250" y="135" width="100" height="40" as="geometry" />
        </mxCell>
        <mxCell id="JQ6kS5iCZawHnyPoa9x--22" value="&lt;font style=&quot;font-size: 9px;&quot;&gt;gestionar compras&lt;/font&gt;" style="ellipse;html=1;whiteSpace=wrap;" parent="1" vertex="1">
          <mxGeometry x="220" y="185" width="100" height="40" as="geometry" />
        </mxCell>
        <mxCell id="JQ6kS5iCZawHnyPoa9x--31" style="rounded=0;orthogonalLoop=1;jettySize=auto;html=1;endArrow=none;startFill=0;" parent="1" source="JQ6kS5iCZawHnyPoa9x--30" target="JQ6kS5iCZawHnyPoa9x--2" edge="1">
          <mxGeometry relative="1" as="geometry">
            <mxPoint x="236" y="335" as="sourcePoint" />
          </mxGeometry>
        </mxCell>
        <mxCell id="JQ6kS5iCZawHnyPoa9x--30" value="&lt;font style=&quot;font-size: 9px;&quot;&gt;entrar al sistema&lt;/font&gt;" style="ellipse;html=1;whiteSpace=wrap;" parent="1" vertex="1">
          <mxGeometry x="220" y="260" width="100" height="40" as="geometry" />
        </mxCell>
        <mxCell id="JQ6kS5iCZawHnyPoa9x--32" value="&lt;font style=&quot;font-size: 9px;&quot;&gt;salir del sistema&lt;/font&gt;" style="ellipse;html=1;whiteSpace=wrap;" parent="1" vertex="1">
          <mxGeometry x="390" y="260" width="100" height="40" as="geometry" />
        </mxCell>
        <mxCell id="JQ6kS5iCZawHnyPoa9x--39" value="&lt;font style=&quot;font-size: 9px;&quot;&gt;comprar producto&lt;/font&gt;" style="ellipse;html=1;whiteSpace=wrap;" parent="1" vertex="1">
          <mxGeometry x="200" y="440" width="100" height="40" as="geometry" />
        </mxCell>
        <mxCell id="JQ6kS5iCZawHnyPoa9x--40" value="cliente&lt;span style=&quot;color: rgba(0, 0, 0, 0); font-family: monospace; font-size: 0px; text-align: start;&quot;&gt;%3CmxGraphModel%3E%3Croot%3E%3CmxCell%20id%3D%220%22%2F%3E%3CmxCell%20id%3D%221%22%20parent%3D%220%22%2F%3E%3CmxCell%20id%3D%222%22%20value%3D%22usuario%22%20style%3D%22shape%3DumlActor%3BverticalLabelPosition%3Dbottom%3BverticalAlign%3Dtop%3Bhtml%3D1%3BoutlineConnect%3D0%3B%22%20vertex%3D%221%22%20parent%3D%221%22%3E%3CmxGeometry%20x%3D%22120%22%20y%3D%22230%22%20width%3D%2220%22%20height%3D%2230%22%20as%3D%22geometry%22%2F%3E%3C%2FmxCell%3E%3C%2Froot%3E%3C%2FmxGraphModel%3E&lt;/span&gt;" style="shape=umlActor;verticalLabelPosition=bottom;verticalAlign=top;html=1;outlineConnect=0;" parent="1" vertex="1">
          <mxGeometry x="60" y="500" width="20" height="30" as="geometry" />
        </mxCell>
        <mxCell id="JQ6kS5iCZawHnyPoa9x--42" value="caso de uso general" style="text;html=1;align=center;verticalAlign=middle;whiteSpace=wrap;rounded=0;" parent="1" vertex="1">
          <mxGeometry x="350" width="120" height="30" as="geometry" />
        </mxCell>
        <mxCell id="JQ6kS5iCZawHnyPoa9x--43" value="&lt;font style=&quot;font-size: 9px;&quot;&gt;buscar producto&lt;/font&gt;" style="ellipse;html=1;whiteSpace=wrap;" parent="1" vertex="1">
          <mxGeometry x="350" y="500" width="100" height="40" as="geometry" />
        </mxCell>
        <mxCell id="JQ6kS5iCZawHnyPoa9x--44" value="&lt;font style=&quot;font-size: 9px;&quot;&gt;pagar producto&lt;/font&gt;" style="ellipse;html=1;whiteSpace=wrap;" parent="1" vertex="1">
          <mxGeometry x="390" y="430" width="100" height="40" as="geometry" />
        </mxCell>
        <mxCell id="JQ6kS5iCZawHnyPoa9x--46" value="&lt;font size=&quot;1&quot;&gt;pago&amp;nbsp; debito&lt;/font&gt;" style="ellipse;html=1;whiteSpace=wrap;" parent="1" vertex="1">
          <mxGeometry x="570" y="450" width="100" height="40" as="geometry" />
        </mxCell>
        <mxCell id="JQ6kS5iCZawHnyPoa9x--48" style="rounded=0;orthogonalLoop=1;jettySize=auto;html=1;endArrow=none;startFill=0;" parent="1" source="JQ6kS5iCZawHnyPoa9x--47" target="JQ6kS5iCZawHnyPoa9x--46" edge="1">
          <mxGeometry relative="1" as="geometry">
            <mxPoint x="690" y="515" as="sourcePoint" />
          </mxGeometry>
        </mxCell>
        <mxCell id="JQ6kS5iCZawHnyPoa9x--47" value="sistema webpay" style="shape=umlActor;verticalLabelPosition=bottom;verticalAlign=top;html=1;outlineConnect=0;" parent="1" vertex="1">
          <mxGeometry x="750" y="390" width="20" height="30" as="geometry" />
        </mxCell>
        <mxCell id="JQ6kS5iCZawHnyPoa9x--52" style="rounded=0;orthogonalLoop=1;jettySize=auto;html=1;endArrow=none;startFill=0;entryX=0;entryY=0.5;entryDx=0;entryDy=0;" parent="1" source="JQ6kS5iCZawHnyPoa9x--40" target="JQ6kS5iCZawHnyPoa9x--43" edge="1">
          <mxGeometry relative="1" as="geometry">
            <mxPoint x="700" y="377" as="sourcePoint" />
            <mxPoint x="440" y="440" as="targetPoint" />
          </mxGeometry>
        </mxCell>
        <mxCell id="JQ6kS5iCZawHnyPoa9x--53" style="rounded=0;orthogonalLoop=1;jettySize=auto;html=1;endArrow=none;startFill=0;exitX=0;exitY=0.5;exitDx=0;exitDy=0;" parent="1" source="JQ6kS5iCZawHnyPoa9x--39" target="JQ6kS5iCZawHnyPoa9x--40" edge="1">
          <mxGeometry relative="1" as="geometry">
            <mxPoint x="700" y="377" as="sourcePoint" />
            <mxPoint x="380" y="440" as="targetPoint" />
          </mxGeometry>
        </mxCell>
        <mxCell id="JQ6kS5iCZawHnyPoa9x--60" value="" style="endArrow=open;endFill=1;endSize=12;html=1;rounded=0;dashed=1;" parent="1" source="JQ6kS5iCZawHnyPoa9x--32" target="JQ6kS5iCZawHnyPoa9x--30" edge="1">
          <mxGeometry width="160" relative="1" as="geometry">
            <mxPoint x="416" y="335" as="sourcePoint" />
            <mxPoint x="336" y="335" as="targetPoint" />
          </mxGeometry>
        </mxCell>
        <mxCell id="JQ6kS5iCZawHnyPoa9x--61" value="&amp;lt;&amp;lt;extend&amp;gt;&amp;gt;" style="edgeLabel;html=1;align=center;verticalAlign=middle;resizable=0;points=[];" parent="JQ6kS5iCZawHnyPoa9x--60" connectable="0" vertex="1">
          <mxGeometry x="-0.0659" y="-1" relative="1" as="geometry">
            <mxPoint y="16" as="offset" />
          </mxGeometry>
        </mxCell>
        <mxCell id="JQ6kS5iCZawHnyPoa9x--62" value="" style="endArrow=open;endFill=1;endSize=12;html=1;rounded=0;exitX=1;exitY=0.5;exitDx=0;exitDy=0;dashed=1;" parent="1" source="JQ6kS5iCZawHnyPoa9x--39" target="JQ6kS5iCZawHnyPoa9x--44" edge="1">
          <mxGeometry width="160" relative="1" as="geometry">
            <mxPoint x="470" y="450" as="sourcePoint" />
            <mxPoint x="380" y="450" as="targetPoint" />
          </mxGeometry>
        </mxCell>
        <mxCell id="JQ6kS5iCZawHnyPoa9x--63" value="&amp;lt;&amp;lt;include&amp;gt;&amp;gt;" style="edgeLabel;html=1;align=center;verticalAlign=middle;resizable=0;points=[];" parent="JQ6kS5iCZawHnyPoa9x--62" connectable="0" vertex="1">
          <mxGeometry x="-0.0659" y="-1" relative="1" as="geometry">
            <mxPoint x="1" y="5" as="offset" />
          </mxGeometry>
        </mxCell>
        <mxCell id="JQ6kS5iCZawHnyPoa9x--65" value="" style="endArrow=open;endFill=1;endSize=12;html=1;rounded=0;dashed=1;" parent="1" source="JQ6kS5iCZawHnyPoa9x--44" target="JQ6kS5iCZawHnyPoa9x--46" edge="1">
          <mxGeometry width="160" relative="1" as="geometry">
            <mxPoint x="330" y="510" as="sourcePoint" />
            <mxPoint x="401" y="504" as="targetPoint" />
          </mxGeometry>
        </mxCell>
        <mxCell id="JQ6kS5iCZawHnyPoa9x--66" value="&amp;lt;&amp;lt;extend&amp;gt;&amp;gt;" style="edgeLabel;html=1;align=center;verticalAlign=middle;resizable=0;points=[];" parent="JQ6kS5iCZawHnyPoa9x--65" connectable="0" vertex="1">
          <mxGeometry x="-0.0659" y="-1" relative="1" as="geometry">
            <mxPoint y="16" as="offset" />
          </mxGeometry>
        </mxCell>
        <mxCell id="JQ6kS5iCZawHnyPoa9x--67" value="invitado" style="shape=umlActor;verticalLabelPosition=bottom;verticalAlign=top;html=1;outlineConnect=0;" parent="1" vertex="1">
          <mxGeometry x="760" y="520" width="20" height="30" as="geometry" />
        </mxCell>
        <mxCell id="JQ6kS5iCZawHnyPoa9x--69" style="rounded=0;orthogonalLoop=1;jettySize=auto;html=1;endArrow=none;startFill=0;entryX=1;entryY=0.5;entryDx=0;entryDy=0;" parent="1" source="JQ6kS5iCZawHnyPoa9x--67" target="JQ6kS5iCZawHnyPoa9x--43" edge="1">
          <mxGeometry relative="1" as="geometry">
            <mxPoint x="760" y="377" as="sourcePoint" />
            <mxPoint x="380" y="455" as="targetPoint" />
          </mxGeometry>
        </mxCell>
        <mxCell id="JQ6kS5iCZawHnyPoa9x--71" value="&lt;font style=&quot;font-size: 9px;&quot;&gt;crear cuenta para ser usuario&lt;/font&gt;" style="ellipse;html=1;whiteSpace=wrap;" parent="1" vertex="1">
          <mxGeometry x="510" y="550" width="100" height="40" as="geometry" />
        </mxCell>
        <mxCell id="JQ6kS5iCZawHnyPoa9x--72" style="rounded=0;orthogonalLoop=1;jettySize=auto;html=1;endArrow=none;startFill=0;entryX=1;entryY=0.5;entryDx=0;entryDy=0;" parent="1" source="JQ6kS5iCZawHnyPoa9x--67" target="JQ6kS5iCZawHnyPoa9x--71" edge="1">
          <mxGeometry relative="1" as="geometry">
            <mxPoint x="760" y="352" as="sourcePoint" />
            <mxPoint x="500" y="405" as="targetPoint" />
          </mxGeometry>
        </mxCell>
        <mxCell id="buJuFZmqg5D8AHOql73E-4" value="Logistica" style="shape=umlActor;verticalLabelPosition=bottom;verticalAlign=top;html=1;outlineConnect=0;" parent="1" vertex="1">
          <mxGeometry x="760" y="70" width="20" height="30" as="geometry" />
        </mxCell>
        <mxCell id="buJuFZmqg5D8AHOql73E-25" value="&lt;font size=&quot;1&quot;&gt;Gestionar envio&lt;/font&gt;" style="ellipse;html=1;whiteSpace=wrap;" parent="1" vertex="1">
          <mxGeometry x="530" y="60" width="100" height="40" as="geometry" />
        </mxCell>
        <mxCell id="buJuFZmqg5D8AHOql73E-27" value="&lt;font size=&quot;1&quot;&gt;Actualizar estado del pedido&lt;/font&gt;" style="ellipse;html=1;whiteSpace=wrap;" parent="1" vertex="1">
          <mxGeometry x="540" y="115" width="100" height="40" as="geometry" />
        </mxCell>
        <mxCell id="Q13hJu8oz97O5cnj9Ojk-5" value="&lt;font size=&quot;1&quot;&gt;pago credito&lt;/font&gt;" style="ellipse;html=1;whiteSpace=wrap;" parent="1" vertex="1">
          <mxGeometry x="570" y="385" width="100" height="40" as="geometry" />
        </mxCell>
        <mxCell id="Q13hJu8oz97O5cnj9Ojk-6" value="" style="endArrow=open;endFill=1;endSize=12;html=1;rounded=0;dashed=1;" parent="1" source="JQ6kS5iCZawHnyPoa9x--44" target="Q13hJu8oz97O5cnj9Ojk-5" edge="1">
          <mxGeometry width="160" relative="1" as="geometry">
            <mxPoint x="530" y="410" as="sourcePoint" />
            <mxPoint x="610" y="414" as="targetPoint" />
          </mxGeometry>
        </mxCell>
        <mxCell id="Q13hJu8oz97O5cnj9Ojk-7" value="&amp;lt;&amp;lt;extend&amp;gt;&amp;gt;" style="edgeLabel;html=1;align=center;verticalAlign=middle;resizable=0;points=[];" parent="Q13hJu8oz97O5cnj9Ojk-6" connectable="0" vertex="1">
          <mxGeometry x="-0.0659" y="-1" relative="1" as="geometry">
            <mxPoint y="16" as="offset" />
          </mxGeometry>
        </mxCell>
        <mxCell id="buJuFZmqg5D8AHOql73E-28" value="&lt;font size=&quot;1&quot;&gt;Seguimiento pedido&lt;/font&gt;" style="ellipse;html=1;whiteSpace=wrap;" parent="1" vertex="1">
          <mxGeometry x="430" y="320" width="100" height="45" as="geometry" />
        </mxCell>
        <mxCell id="Q13hJu8oz97O5cnj9Ojk-8" style="rounded=0;orthogonalLoop=1;jettySize=auto;html=1;endArrow=none;startFill=0;" parent="1" source="JQ6kS5iCZawHnyPoa9x--47" target="Q13hJu8oz97O5cnj9Ojk-5" edge="1">
          <mxGeometry relative="1" as="geometry">
            <mxPoint x="824" y="450" as="sourcePoint" />
            <mxPoint x="730" y="487" as="targetPoint" />
          </mxGeometry>
        </mxCell>
        <mxCell id="Q13hJu8oz97O5cnj9Ojk-11" style="rounded=0;orthogonalLoop=1;jettySize=auto;html=1;endArrow=none;startFill=0;" parent="1" source="buJuFZmqg5D8AHOql73E-28" target="JQ6kS5iCZawHnyPoa9x--2" edge="1">
          <mxGeometry relative="1" as="geometry">
            <mxPoint x="342" y="340" as="sourcePoint" />
            <mxPoint x="186" y="374" as="targetPoint" />
          </mxGeometry>
        </mxCell>
        <mxCell id="Q13hJu8oz97O5cnj9Ojk-12" style="rounded=0;orthogonalLoop=1;jettySize=auto;html=1;endArrow=none;startFill=0;entryX=1;entryY=0;entryDx=0;entryDy=0;" parent="1" source="buJuFZmqg5D8AHOql73E-4" target="buJuFZmqg5D8AHOql73E-28" edge="1">
          <mxGeometry relative="1" as="geometry">
            <mxPoint x="666" y="330" as="sourcePoint" />
            <mxPoint x="510" y="364" as="targetPoint" />
          </mxGeometry>
        </mxCell>
        <mxCell id="buJuFZmqg5D8AHOql73E-29" style="rounded=0;orthogonalLoop=1;jettySize=auto;html=1;endArrow=none;startFill=0;entryX=1;entryY=0.5;entryDx=0;entryDy=0;" parent="1" source="buJuFZmqg5D8AHOql73E-4" target="buJuFZmqg5D8AHOql73E-27" edge="1">
          <mxGeometry relative="1" as="geometry">
            <mxPoint x="969" y="160" as="sourcePoint" />
            <mxPoint x="690" y="304" as="targetPoint" />
          </mxGeometry>
        </mxCell>
        <mxCell id="buJuFZmqg5D8AHOql73E-30" style="rounded=0;orthogonalLoop=1;jettySize=auto;html=1;endArrow=none;startFill=0;entryX=1;entryY=0.5;entryDx=0;entryDy=0;" parent="1" source="buJuFZmqg5D8AHOql73E-4" target="buJuFZmqg5D8AHOql73E-25" edge="1">
          <mxGeometry relative="1" as="geometry">
            <mxPoint x="989" y="120" as="sourcePoint" />
            <mxPoint x="710" y="264" as="targetPoint" />
          </mxGeometry>
        </mxCell>
        <mxCell id="buJuFZmqg5D8AHOql73E-38" value="&lt;font size=&quot;1&quot;&gt;Gestionar devoluciones&lt;/font&gt;" style="ellipse;html=1;whiteSpace=wrap;" parent="1" vertex="1">
          <mxGeometry x="520" y="170" width="100" height="40" as="geometry" />
        </mxCell>
        <mxCell id="buJuFZmqg5D8AHOql73E-40" style="rounded=1;orthogonalLoop=1;jettySize=auto;html=1;endArrow=none;startFill=0;" parent="1" source="buJuFZmqg5D8AHOql73E-38" target="buJuFZmqg5D8AHOql73E-4" edge="1">
          <mxGeometry relative="1" as="geometry">
            <mxPoint x="790" y="228" as="sourcePoint" />
            <mxPoint x="923" y="210" as="targetPoint" />
          </mxGeometry>
        </mxCell>
      </root>
    </mxGraphModel>
  </diagram>
</mxfile>
