<?xml version="1.0" encoding="UTF-8"?>
<mxfile host="app.diagrams.net" agent="Mozilla/5.0 (Windows NT 10.0; Win64; x64) AppleWebKit/537.36 (KHTML, like Gecko) Chrome/136.0.0.0 Safari/537.36" version="27.0.9">
  <diagram name="Página-1" id="0rIzWx2Z5uHuhfqlmfnO">
    <mxGraphModel dx="1042" dy="527" grid="1" gridSize="10" guides="1" tooltips="1" connect="1" arrows="1" fold="1" page="1" pageScale="1" pageWidth="827" pageHeight="1169" math="0" shadow="0">
      <root>
        <mxCell id="0" />
        <mxCell id="1" parent="0" />
        <mxCell id="ujBwGTLJbfe2jvtzvOO0-5" value="" style="whiteSpace=wrap;html=1;" parent="1" vertex="1">
          <mxGeometry x="240" y="470" width="710" height="580" as="geometry" />
        </mxCell>
        <mxCell id="ujBwGTLJbfe2jvtzvOO0-12" value="caso de uso venta" style="text;html=1;align=center;verticalAlign=middle;whiteSpace=wrap;rounded=0;" parent="1" vertex="1">
          <mxGeometry x="530" y="440" width="120" height="30" as="geometry" />
        </mxCell>
        <mxCell id="ujBwGTLJbfe2jvtzvOO0-41" value="cliente&lt;span style=&quot;color: rgba(0, 0, 0, 0); font-family: monospace; font-size: 0px; text-align: start;&quot;&gt;%3CmxGraphModel%3E%3Croot%3E%3CmxCell%20id%3D%220%22%2F%3E%3CmxCell%20id%3D%221%22%20parent%3D%220%22%2F%3E%3CmxCell%20id%3D%222%22%20value%3D%22usuario%22%20style%3D%22shape%3DumlActor%3BverticalLabelPosition%3Dbottom%3BverticalAlign%3Dtop%3Bhtml%3D1%3BoutlineConnect%3D0%3B%22%20vertex%3D%221%22%20parent%3D%221%22%3E%3CmxGeometry%20x%3D%22120%22%20y%3D%22230%22%20width%3D%2220%22%20height%3D%2230%22%20as%3D%22geometry%22%2F%3E%3C%2FmxCell%3E%3C%2Froot%3E%3C%2FmxGraphModel%3E&lt;/span&gt;" style="shape=umlActor;verticalLabelPosition=bottom;verticalAlign=top;html=1;outlineConnect=0;" parent="1" vertex="1">
          <mxGeometry x="130" y="815" width="20" height="30" as="geometry" />
        </mxCell>
        <mxCell id="ujBwGTLJbfe2jvtzvOO0-42" value="&lt;font style=&quot;font-size: 9px;&quot;&gt;comprar producto&lt;/font&gt;" style="ellipse;html=1;whiteSpace=wrap;" parent="1" vertex="1">
          <mxGeometry x="490" y="740" width="100" height="40" as="geometry" />
        </mxCell>
        <mxCell id="ujBwGTLJbfe2jvtzvOO0-43" value="cliente&lt;span style=&quot;color: rgba(0, 0, 0, 0); font-family: monospace; font-size: 0px; text-align: start;&quot;&gt;%3CmxGraphModel%3E%3Croot%3E%3CmxCell%20id%3D%220%22%2F%3E%3CmxCell%20id%3D%221%22%20parent%3D%220%22%2F%3E%3CmxCell%20id%3D%222%22%20value%3D%22usuario%22%20style%3D%22shape%3DumlActor%3BverticalLabelPosition%3Dbottom%3BverticalAlign%3Dtop%3Bhtml%3D1%3BoutlineConnect%3D0%3B%22%20vertex%3D%221%22%20parent%3D%221%22%3E%3CmxGeometry%20x%3D%22120%22%20y%3D%22230%22%20width%3D%2220%22%20height%3D%2230%22%20as%3D%22geometry%22%2F%3E%3C%2FmxCell%3E%3C%2Froot%3E%3C%2FmxGraphModel%3E&lt;/span&gt;" style="shape=umlActor;verticalLabelPosition=bottom;verticalAlign=top;html=1;outlineConnect=0;" parent="1" vertex="1">
          <mxGeometry x="130" y="815" width="20" height="30" as="geometry" />
        </mxCell>
        <mxCell id="ujBwGTLJbfe2jvtzvOO0-44" value="&lt;font style=&quot;font-size: 9px;&quot;&gt;buscar producto&lt;/font&gt;" style="ellipse;html=1;whiteSpace=wrap;" parent="1" vertex="1">
          <mxGeometry x="440" y="890" width="100" height="40" as="geometry" />
        </mxCell>
        <mxCell id="ujBwGTLJbfe2jvtzvOO0-45" value="&lt;font style=&quot;font-size: 9px;&quot;&gt;pagar producto&lt;/font&gt;" style="ellipse;html=1;whiteSpace=wrap;" parent="1" vertex="1">
          <mxGeometry x="530" y="650" width="100" height="40" as="geometry" />
        </mxCell>
        <mxCell id="ujBwGTLJbfe2jvtzvOO0-46" value="&lt;font size=&quot;1&quot;&gt;pago&amp;nbsp; debito&lt;/font&gt;" style="ellipse;html=1;whiteSpace=wrap;" parent="1" vertex="1">
          <mxGeometry x="730" y="755" width="100" height="40" as="geometry" />
        </mxCell>
        <mxCell id="ujBwGTLJbfe2jvtzvOO0-47" style="rounded=0;orthogonalLoop=1;jettySize=auto;html=1;endArrow=none;startFill=0;" parent="1" source="ujBwGTLJbfe2jvtzvOO0-48" target="ujBwGTLJbfe2jvtzvOO0-46" edge="1">
          <mxGeometry relative="1" as="geometry">
            <mxPoint x="810" y="830" as="sourcePoint" />
          </mxGeometry>
        </mxCell>
        <mxCell id="ujBwGTLJbfe2jvtzvOO0-48" value="sistema pago" style="shape=umlActor;verticalLabelPosition=bottom;verticalAlign=top;html=1;outlineConnect=0;" parent="1" vertex="1">
          <mxGeometry x="1000" y="720" width="20" height="30" as="geometry" />
        </mxCell>
        <mxCell id="ujBwGTLJbfe2jvtzvOO0-49" style="rounded=0;orthogonalLoop=1;jettySize=auto;html=1;endArrow=none;startFill=0;entryX=0;entryY=0.5;entryDx=0;entryDy=0;" parent="1" source="ujBwGTLJbfe2jvtzvOO0-43" target="ujBwGTLJbfe2jvtzvOO0-44" edge="1">
          <mxGeometry relative="1" as="geometry">
            <mxPoint x="820" y="692" as="sourcePoint" />
            <mxPoint x="560" y="755" as="targetPoint" />
          </mxGeometry>
        </mxCell>
        <mxCell id="ujBwGTLJbfe2jvtzvOO0-51" value="" style="endArrow=open;endFill=1;endSize=12;html=1;rounded=0;dashed=1;" parent="1" source="ujBwGTLJbfe2jvtzvOO0-42" target="ujBwGTLJbfe2jvtzvOO0-45" edge="1">
          <mxGeometry width="160" relative="1" as="geometry">
            <mxPoint x="590" y="765" as="sourcePoint" />
            <mxPoint x="500" y="765" as="targetPoint" />
          </mxGeometry>
        </mxCell>
        <mxCell id="ujBwGTLJbfe2jvtzvOO0-52" value="&amp;lt;&amp;lt;include&amp;gt;&amp;gt;" style="edgeLabel;html=1;align=center;verticalAlign=middle;resizable=0;points=[];" parent="ujBwGTLJbfe2jvtzvOO0-51" connectable="0" vertex="1">
          <mxGeometry x="-0.0659" y="-1" relative="1" as="geometry">
            <mxPoint x="27" y="-6" as="offset" />
          </mxGeometry>
        </mxCell>
        <mxCell id="ujBwGTLJbfe2jvtzvOO0-53" value="" style="endArrow=open;endFill=1;endSize=12;html=1;rounded=0;dashed=1;" parent="1" source="ujBwGTLJbfe2jvtzvOO0-45" target="ujBwGTLJbfe2jvtzvOO0-46" edge="1">
          <mxGeometry width="160" relative="1" as="geometry">
            <mxPoint x="450" y="825" as="sourcePoint" />
            <mxPoint x="521" y="819" as="targetPoint" />
          </mxGeometry>
        </mxCell>
        <mxCell id="ujBwGTLJbfe2jvtzvOO0-54" value="&amp;lt;&amp;lt;extend&amp;gt;&amp;gt;" style="edgeLabel;html=1;align=center;verticalAlign=middle;resizable=0;points=[];" parent="ujBwGTLJbfe2jvtzvOO0-53" connectable="0" vertex="1">
          <mxGeometry x="-0.0659" y="-1" relative="1" as="geometry">
            <mxPoint y="16" as="offset" />
          </mxGeometry>
        </mxCell>
        <mxCell id="ujBwGTLJbfe2jvtzvOO0-55" value="invitado" style="shape=umlActor;verticalLabelPosition=bottom;verticalAlign=top;html=1;outlineConnect=0;" parent="1" vertex="1">
          <mxGeometry x="1000" y="930" width="20" height="30" as="geometry" />
        </mxCell>
        <mxCell id="ujBwGTLJbfe2jvtzvOO0-56" style="rounded=0;orthogonalLoop=1;jettySize=auto;html=1;endArrow=none;startFill=0;entryX=1;entryY=0.5;entryDx=0;entryDy=0;" parent="1" source="ujBwGTLJbfe2jvtzvOO0-55" target="ujBwGTLJbfe2jvtzvOO0-44" edge="1">
          <mxGeometry relative="1" as="geometry">
            <mxPoint x="860" y="772" as="sourcePoint" />
            <mxPoint x="550" y="915" as="targetPoint" />
          </mxGeometry>
        </mxCell>
        <mxCell id="ujBwGTLJbfe2jvtzvOO0-57" value="&lt;font style=&quot;font-size: 9px;&quot;&gt;crear cuenta para ser usuario&lt;/font&gt;" style="ellipse;html=1;whiteSpace=wrap;" parent="1" vertex="1">
          <mxGeometry x="610" y="960" width="100" height="40" as="geometry" />
        </mxCell>
        <mxCell id="ujBwGTLJbfe2jvtzvOO0-58" style="rounded=0;orthogonalLoop=1;jettySize=auto;html=1;endArrow=none;startFill=0;entryX=1;entryY=0.5;entryDx=0;entryDy=0;" parent="1" source="ujBwGTLJbfe2jvtzvOO0-55" target="ujBwGTLJbfe2jvtzvOO0-57" edge="1">
          <mxGeometry relative="1" as="geometry">
            <mxPoint x="860" y="747" as="sourcePoint" />
            <mxPoint x="600" y="800" as="targetPoint" />
          </mxGeometry>
        </mxCell>
        <mxCell id="ujBwGTLJbfe2jvtzvOO0-59" value="&lt;font size=&quot;1&quot;&gt;pago credito&lt;/font&gt;" style="ellipse;html=1;whiteSpace=wrap;" parent="1" vertex="1">
          <mxGeometry x="730" y="690" width="100" height="40" as="geometry" />
        </mxCell>
        <mxCell id="ujBwGTLJbfe2jvtzvOO0-60" value="" style="endArrow=open;endFill=1;endSize=12;html=1;rounded=0;dashed=1;" parent="1" source="ujBwGTLJbfe2jvtzvOO0-45" target="ujBwGTLJbfe2jvtzvOO0-59" edge="1">
          <mxGeometry width="160" relative="1" as="geometry">
            <mxPoint x="650" y="725" as="sourcePoint" />
            <mxPoint x="730" y="729" as="targetPoint" />
          </mxGeometry>
        </mxCell>
        <mxCell id="ujBwGTLJbfe2jvtzvOO0-61" value="&amp;lt;&amp;lt;extend&amp;gt;&amp;gt;" style="edgeLabel;html=1;align=center;verticalAlign=middle;resizable=0;points=[];" parent="ujBwGTLJbfe2jvtzvOO0-60" connectable="0" vertex="1">
          <mxGeometry x="-0.0659" y="-1" relative="1" as="geometry">
            <mxPoint y="16" as="offset" />
          </mxGeometry>
        </mxCell>
        <mxCell id="ujBwGTLJbfe2jvtzvOO0-62" style="rounded=0;orthogonalLoop=1;jettySize=auto;html=1;endArrow=none;startFill=0;" parent="1" source="ujBwGTLJbfe2jvtzvOO0-48" target="ujBwGTLJbfe2jvtzvOO0-59" edge="1">
          <mxGeometry relative="1" as="geometry">
            <mxPoint x="944" y="765" as="sourcePoint" />
            <mxPoint x="850" y="802" as="targetPoint" />
          </mxGeometry>
        </mxCell>
        <mxCell id="ujBwGTLJbfe2jvtzvOO0-63" value="Admin ventas" style="shape=umlActor;verticalLabelPosition=bottom;verticalAlign=top;html=1;outlineConnect=0;" parent="1" vertex="1">
          <mxGeometry x="190" y="555" width="20" height="30" as="geometry" />
        </mxCell>
        <mxCell id="ujBwGTLJbfe2jvtzvOO0-68" value="&lt;font size=&quot;1&quot;&gt;Agregar producto al carrito&lt;/font&gt;" style="ellipse;html=1;whiteSpace=wrap;" parent="1" vertex="1">
          <mxGeometry x="360" y="700" width="100" height="40" as="geometry" />
        </mxCell>
        <mxCell id="ujBwGTLJbfe2jvtzvOO0-69" style="rounded=0;orthogonalLoop=1;jettySize=auto;html=1;endArrow=none;startFill=0;entryX=0;entryY=0.5;entryDx=0;entryDy=0;" parent="1" source="ujBwGTLJbfe2jvtzvOO0-43" target="ujBwGTLJbfe2jvtzvOO0-88" edge="1">
          <mxGeometry relative="1" as="geometry">
            <mxPoint x="260" y="760" as="sourcePoint" />
            <mxPoint x="530" y="765" as="targetPoint" />
          </mxGeometry>
        </mxCell>
        <mxCell id="ujBwGTLJbfe2jvtzvOO0-70" style="rounded=0;orthogonalLoop=1;jettySize=auto;html=1;endArrow=none;startFill=0;entryX=0;entryY=0.5;entryDx=0;entryDy=0;exitX=1;exitY=0.5;exitDx=0;exitDy=0;" parent="1" source="ujBwGTLJbfe2jvtzvOO0-68" target="ujBwGTLJbfe2jvtzvOO0-42" edge="1">
          <mxGeometry relative="1" as="geometry">
            <mxPoint x="420" y="786" as="sourcePoint" />
            <mxPoint x="550" y="740" as="targetPoint" />
          </mxGeometry>
        </mxCell>
        <mxCell id="ujBwGTLJbfe2jvtzvOO0-72" value="&lt;font size=&quot;1&quot;&gt;Ver Historial de compra&lt;/font&gt;" style="ellipse;html=1;whiteSpace=wrap;" parent="1" vertex="1">
          <mxGeometry x="330" y="530" width="100" height="40" as="geometry" />
        </mxCell>
        <mxCell id="ujBwGTLJbfe2jvtzvOO0-73" value="&lt;font size=&quot;1&quot;&gt;Anular compra&lt;/font&gt;" style="ellipse;html=1;whiteSpace=wrap;" parent="1" vertex="1">
          <mxGeometry x="330" y="580" width="100" height="40" as="geometry" />
        </mxCell>
        <mxCell id="ujBwGTLJbfe2jvtzvOO0-74" value="Logistica" style="shape=umlActor;verticalLabelPosition=bottom;verticalAlign=top;html=1;outlineConnect=0;" parent="1" vertex="1">
          <mxGeometry x="1010" y="590" width="20" height="30" as="geometry" />
        </mxCell>
        <mxCell id="ujBwGTLJbfe2jvtzvOO0-76" value="&lt;font size=&quot;1&quot;&gt;Gestionar devoluciones&lt;/font&gt;" style="ellipse;html=1;whiteSpace=wrap;" parent="1" vertex="1">
          <mxGeometry x="720" y="580" width="100" height="40" as="geometry" />
        </mxCell>
        <mxCell id="ujBwGTLJbfe2jvtzvOO0-77" style="rounded=0;orthogonalLoop=1;jettySize=auto;html=1;endArrow=none;startFill=0;entryX=1;entryY=0.5;entryDx=0;entryDy=0;" parent="1" source="ujBwGTLJbfe2jvtzvOO0-74" target="ujBwGTLJbfe2jvtzvOO0-76" edge="1">
          <mxGeometry relative="1" as="geometry">
            <mxPoint x="1170" y="615" as="sourcePoint" />
            <mxPoint x="850" y="600" as="targetPoint" />
          </mxGeometry>
        </mxCell>
        <mxCell id="ujBwGTLJbfe2jvtzvOO0-78" style="rounded=0;orthogonalLoop=1;jettySize=auto;html=1;endArrow=none;startFill=0;entryX=1;entryY=0.5;entryDx=0;entryDy=0;exitX=0;exitY=0.5;exitDx=0;exitDy=0;" parent="1" source="ujBwGTLJbfe2jvtzvOO0-76" target="ujBwGTLJbfe2jvtzvOO0-73" edge="1">
          <mxGeometry relative="1" as="geometry">
            <mxPoint x="980" y="625" as="sourcePoint" />
            <mxPoint x="660" y="610" as="targetPoint" />
          </mxGeometry>
        </mxCell>
        <mxCell id="ujBwGTLJbfe2jvtzvOO0-79" style="rounded=0;orthogonalLoop=1;jettySize=auto;html=1;endArrow=none;startFill=0;exitX=0;exitY=0.5;exitDx=0;exitDy=0;" parent="1" source="ujBwGTLJbfe2jvtzvOO0-73" target="ujBwGTLJbfe2jvtzvOO0-63" edge="1">
          <mxGeometry relative="1" as="geometry">
            <mxPoint x="450" y="625" as="sourcePoint" />
            <mxPoint x="250" y="570" as="targetPoint" />
          </mxGeometry>
        </mxCell>
        <mxCell id="ujBwGTLJbfe2jvtzvOO0-80" style="rounded=0;orthogonalLoop=1;jettySize=auto;html=1;endArrow=none;startFill=0;exitX=0;exitY=0.5;exitDx=0;exitDy=0;" parent="1" source="ujBwGTLJbfe2jvtzvOO0-72" target="ujBwGTLJbfe2jvtzvOO0-63" edge="1">
          <mxGeometry relative="1" as="geometry">
            <mxPoint x="580" y="515" as="sourcePoint" />
            <mxPoint x="260" y="500" as="targetPoint" />
          </mxGeometry>
        </mxCell>
        <mxCell id="ujBwGTLJbfe2jvtzvOO0-84" value="&lt;font size=&quot;1&quot;&gt;Gestionar envio&lt;/font&gt;" style="ellipse;html=1;whiteSpace=wrap;" parent="1" vertex="1">
          <mxGeometry x="750" y="515" width="100" height="40" as="geometry" />
        </mxCell>
        <mxCell id="ujBwGTLJbfe2jvtzvOO0-85" style="rounded=0;orthogonalLoop=1;jettySize=auto;html=1;endArrow=none;startFill=0;entryX=1;entryY=0.5;entryDx=0;entryDy=0;" parent="1" source="ujBwGTLJbfe2jvtzvOO0-74" target="ujBwGTLJbfe2jvtzvOO0-84" edge="1">
          <mxGeometry relative="1" as="geometry">
            <mxPoint x="960" y="530" as="sourcePoint" />
            <mxPoint x="870" y="530" as="targetPoint" />
          </mxGeometry>
        </mxCell>
        <mxCell id="ujBwGTLJbfe2jvtzvOO0-88" value="&lt;font size=&quot;1&quot;&gt;Seleccionar producto&lt;/font&gt;" style="ellipse;html=1;whiteSpace=wrap;" parent="1" vertex="1">
          <mxGeometry x="250" y="755" width="100" height="40" as="geometry" />
        </mxCell>
        <mxCell id="ujBwGTLJbfe2jvtzvOO0-89" style="rounded=0;orthogonalLoop=1;jettySize=auto;html=1;endArrow=none;startFill=0;entryX=0.5;entryY=0;entryDx=0;entryDy=0;exitX=0;exitY=0.5;exitDx=0;exitDy=0;" parent="1" source="ujBwGTLJbfe2jvtzvOO0-68" target="ujBwGTLJbfe2jvtzvOO0-88" edge="1">
          <mxGeometry relative="1" as="geometry">
            <mxPoint x="360" y="730" as="sourcePoint" />
            <mxPoint x="370" y="780" as="targetPoint" />
          </mxGeometry>
        </mxCell>
        <mxCell id="ujBwGTLJbfe2jvtzvOO0-90" value="&lt;font size=&quot;1&quot;&gt;Generar recibo de compra&lt;/font&gt;" style="ellipse;html=1;whiteSpace=wrap;" parent="1" vertex="1">
          <mxGeometry x="790" y="820" width="100" height="40" as="geometry" />
        </mxCell>
        <mxCell id="ujBwGTLJbfe2jvtzvOO0-91" style="rounded=0;orthogonalLoop=1;jettySize=auto;html=1;endArrow=none;startFill=0;entryX=1;entryY=0.5;entryDx=0;entryDy=0;" parent="1" source="ujBwGTLJbfe2jvtzvOO0-48" target="ujBwGTLJbfe2jvtzvOO0-90" edge="1">
          <mxGeometry relative="1" as="geometry">
            <mxPoint x="1144" y="800" as="sourcePoint" />
            <mxPoint x="970" y="830" as="targetPoint" />
          </mxGeometry>
        </mxCell>
        <mxCell id="ujBwGTLJbfe2jvtzvOO0-94" value="&lt;font size=&quot;1&quot;&gt;Recibo de compra&lt;/font&gt;" style="ellipse;html=1;whiteSpace=wrap;" parent="1" vertex="1">
          <mxGeometry x="580" y="820" width="100" height="40" as="geometry" />
        </mxCell>
        <mxCell id="ujBwGTLJbfe2jvtzvOO0-95" style="rounded=0;orthogonalLoop=1;jettySize=auto;html=1;endArrow=none;startFill=0;entryX=1;entryY=0.5;entryDx=0;entryDy=0;exitX=0;exitY=0.5;exitDx=0;exitDy=0;" parent="1" source="ujBwGTLJbfe2jvtzvOO0-90" target="ujBwGTLJbfe2jvtzvOO0-94" edge="1">
          <mxGeometry relative="1" as="geometry">
            <mxPoint x="860" y="850" as="sourcePoint" />
            <mxPoint x="740" y="938" as="targetPoint" />
          </mxGeometry>
        </mxCell>
        <mxCell id="ujBwGTLJbfe2jvtzvOO0-96" style="rounded=0;orthogonalLoop=1;jettySize=auto;html=1;endArrow=none;startFill=0;entryX=0.5;entryY=0.5;entryDx=0;entryDy=0;entryPerimeter=0;exitX=0;exitY=0.5;exitDx=0;exitDy=0;" parent="1" source="ujBwGTLJbfe2jvtzvOO0-94" target="ujBwGTLJbfe2jvtzvOO0-43" edge="1">
          <mxGeometry relative="1" as="geometry">
            <mxPoint x="850" y="870" as="sourcePoint" />
            <mxPoint x="730" y="958" as="targetPoint" />
          </mxGeometry>
        </mxCell>
      </root>
    </mxGraphModel>
  </diagram>
</mxfile>
