<?xml version="1.0" encoding="UTF-8"?>
<mxfile host="app.diagrams.net" agent="Mozilla/5.0 (Windows NT 10.0; Win64; x64) AppleWebKit/537.36 (KHTML, like Gecko) Chrome/136.0.0.0 Safari/537.36" version="27.0.9">
  <diagram name="Página-1" id="pWP3fbtzw37vIGuYgA5F">
    <mxGraphModel dx="1042" dy="1696" grid="1" gridSize="10" guides="1" tooltips="1" connect="1" arrows="0" fold="1" page="1" pageScale="1" pageWidth="827" pageHeight="1169" math="0" shadow="0">
      <root>
        <mxCell id="0" />
        <mxCell id="1" parent="0" />
        <mxCell id="SJ_4ac5bDExen9AWRIyw-1" value="cliente" style="shape=umlActor;verticalLabelPosition=bottom;verticalAlign=top;html=1;outlineConnect=0;" parent="1" vertex="1">
          <mxGeometry x="120" y="-910" width="30" height="60" as="geometry" />
        </mxCell>
        <mxCell id="SJ_4ac5bDExen9AWRIyw-2" value="" style="endArrow=none;html=1;rounded=0;" parent="1" source="SJ_4ac5bDExen9AWRIyw-1" target="SJ_4ac5bDExen9AWRIyw-3" edge="1">
          <mxGeometry width="50" height="50" relative="1" as="geometry">
            <mxPoint x="310" y="-859.9999999999999" as="sourcePoint" />
            <mxPoint x="310" y="-880" as="targetPoint" />
          </mxGeometry>
        </mxCell>
        <mxCell id="SJ_4ac5bDExen9AWRIyw-3" value="web" style="html=1;align=center;verticalAlign=top;rounded=1;absoluteArcSize=1;arcSize=10;dashed=0;whiteSpace=wrap;" parent="1" vertex="1">
          <mxGeometry x="318" y="-900" width="96" height="40" as="geometry" />
        </mxCell>
        <mxCell id="SJ_4ac5bDExen9AWRIyw-4" value="" style="endArrow=classic;html=1;rounded=0;" parent="1" edge="1">
          <mxGeometry width="50" height="50" relative="1" as="geometry">
            <mxPoint x="170" y="-890" as="sourcePoint" />
            <mxPoint x="280" y="-890" as="targetPoint" />
          </mxGeometry>
        </mxCell>
        <mxCell id="SJ_4ac5bDExen9AWRIyw-6" value="1.0 buscar producto" style="text;html=1;align=center;verticalAlign=middle;whiteSpace=wrap;rounded=0;" parent="1" vertex="1">
          <mxGeometry x="180" y="-920" width="90" height="30" as="geometry" />
        </mxCell>
        <mxCell id="SJ_4ac5bDExen9AWRIyw-7" value="BaseDeDatos" style="html=1;align=center;verticalAlign=top;rounded=1;absoluteArcSize=1;arcSize=10;dashed=0;whiteSpace=wrap;" parent="1" vertex="1">
          <mxGeometry x="549.9999999999999" y="-900" width="96" height="40" as="geometry" />
        </mxCell>
        <mxCell id="CAJkWnT9rMxN10_DGetB-1" value="" style="endArrow=none;html=1;rounded=0;" parent="1" source="SJ_4ac5bDExen9AWRIyw-3" target="SJ_4ac5bDExen9AWRIyw-7" edge="1">
          <mxGeometry width="50" height="50" relative="1" as="geometry">
            <mxPoint x="550" y="-939.9999999999999" as="sourcePoint" />
            <mxPoint x="650" y="-939.9999999999999" as="targetPoint" />
          </mxGeometry>
        </mxCell>
        <mxCell id="CAJkWnT9rMxN10_DGetB-3" value="1.1 genera solicitud&amp;nbsp;" style="text;html=1;align=center;verticalAlign=middle;whiteSpace=wrap;rounded=0;" parent="1" vertex="1">
          <mxGeometry x="460" y="-930" width="60" height="30" as="geometry" />
        </mxCell>
        <mxCell id="CAJkWnT9rMxN10_DGetB-4" value="" style="endArrow=classic;html=1;rounded=0;" parent="1" edge="1">
          <mxGeometry width="50" height="50" relative="1" as="geometry">
            <mxPoint x="428" y="-890" as="sourcePoint" />
            <mxPoint x="538" y="-890" as="targetPoint" />
          </mxGeometry>
        </mxCell>
        <mxCell id="CAJkWnT9rMxN10_DGetB-5" value="&lt;span style=&quot;color: rgba(0, 0, 0, 0); font-family: monospace; font-size: 0px; text-align: start; background-color: rgb(236, 236, 236);&quot;&gt;%3CmxGraphModel%3E%3Croot%3E%3CmxCell%20id%3D%220%22%2F%3E%3CmxCell%20id%3D%221%22%20parent%3D%220%22%2F%3E%3CmxCell%20id%3D%222%22%20value%3D%22%22%20style%3D%22endArrow%3Dclassic%3Bhtml%3D1%3Brounded%3D0%3B%22%20edge%3D%221%22%20parent%3D%221%22%3E%3CmxGeometry%20width%3D%2250%22%20height%3D%2250%22%20relative%3D%221%22%20as%3D%22geometry%22%3E%3CmxPoint%20x%3D%22440%22%20y%3D%22-870%22%20as%3D%22sourcePoint%22%2F%3E%3CmxPoint%20x%3D%22330%22%20y%3D%22-870%22%20as%3D%22targetPoint%22%2F%3E%3C%2FmxGeometry%3E%3C%2FmxCell%3E%3C%2Froot%3E%3C%2FmxGraphModel%3E&lt;/span&gt;" style="endArrow=classic;html=1;rounded=0;" parent="1" edge="1">
          <mxGeometry width="50" height="50" relative="1" as="geometry">
            <mxPoint x="543" y="-870" as="sourcePoint" />
            <mxPoint x="433" y="-870" as="targetPoint" />
          </mxGeometry>
        </mxCell>
        <mxCell id="CAJkWnT9rMxN10_DGetB-6" value="1.2 responde solicitud" style="text;html=1;align=center;verticalAlign=middle;whiteSpace=wrap;rounded=0;" parent="1" vertex="1">
          <mxGeometry x="450" y="-860" width="60" height="30" as="geometry" />
        </mxCell>
        <mxCell id="CAJkWnT9rMxN10_DGetB-7" value="1.3 informa stock del producto" style="text;html=1;align=center;verticalAlign=middle;whiteSpace=wrap;rounded=0;" parent="1" vertex="1">
          <mxGeometry x="175" y="-870" width="100" height="30" as="geometry" />
        </mxCell>
        <mxCell id="CAJkWnT9rMxN10_DGetB-8" value="&lt;span style=&quot;color: rgba(0, 0, 0, 0); font-family: monospace; font-size: 0px; text-align: start; background-color: rgb(236, 236, 236);&quot;&gt;%3CmxGraphModel%3E%3Croot%3E%3CmxCell%20id%3D%220%22%2F%3E%3CmxCell%20id%3D%221%22%20parent%3D%220%22%2F%3E%3CmxCell%20id%3D%222%22%20value%3D%22%22%20style%3D%22endArrow%3Dclassic%3Bhtml%3D1%3Brounded%3D0%3B%22%20edge%3D%221%22%20parent%3D%221%22%3E%3CmxGeometry%20width%3D%2250%22%20height%3D%2250%22%20relative%3D%221%22%20as%3D%22geometry%22%3E%3CmxPoint%20x%3D%22440%22%20y%3D%22-870%22%20as%3D%22sourcePoint%22%2F%3E%3CmxPoint%20x%3D%22330%22%20y%3D%22-870%22%20as%3D%22targetPoint%22%2F%3E%3C%2FmxGeometry%3E%3C%2FmxCell%3E%3C%2Froot%3E%3C%2FmxGraphModel%3E&lt;/span&gt;" style="endArrow=classic;html=1;rounded=0;" parent="1" edge="1">
          <mxGeometry width="50" height="50" relative="1" as="geometry">
            <mxPoint x="270" y="-870" as="sourcePoint" />
            <mxPoint x="160" y="-870" as="targetPoint" />
          </mxGeometry>
        </mxCell>
        <mxCell id="CAJkWnT9rMxN10_DGetB-10" value="" style="endArrow=none;html=1;rounded=0;" parent="1" target="CAJkWnT9rMxN10_DGetB-12" edge="1">
          <mxGeometry width="50" height="50" relative="1" as="geometry">
            <mxPoint x="160" y="-910" as="sourcePoint" />
            <mxPoint x="310" y="-740" as="targetPoint" />
          </mxGeometry>
        </mxCell>
        <mxCell id="CAJkWnT9rMxN10_DGetB-11" value="2.0 agrega producto al carrito" style="text;html=1;align=center;verticalAlign=middle;whiteSpace=wrap;rounded=0;" parent="1" vertex="1">
          <mxGeometry x="130" y="-990" width="100" height="20" as="geometry" />
        </mxCell>
        <mxCell id="CAJkWnT9rMxN10_DGetB-12" value="carrito" style="rounded=1;whiteSpace=wrap;html=1;" parent="1" vertex="1">
          <mxGeometry x="280" y="-1030" width="98" height="40" as="geometry" />
        </mxCell>
        <mxCell id="CAJkWnT9rMxN10_DGetB-26" value="&lt;span style=&quot;color: rgba(0, 0, 0, 0); font-family: monospace; font-size: 0px; text-align: start; background-color: rgb(236, 236, 236);&quot;&gt;%3CmxGraphModel%3E%3Croot%3E%3CmxCell%20id%3D%220%22%2F%3E%3CmxCell%20id%3D%221%22%20parent%3D%220%22%2F%3E%3CmxCell%20id%3D%222%22%20value%3D%22%22%20style%3D%22endArrow%3Dclassic%3Bhtml%3D1%3Brounded%3D0%3B%22%20edge%3D%221%22%20parent%3D%221%22%3E%3CmxGeometry%20width%3D%2250%22%20height%3D%2250%22%20relative%3D%221%22%20as%3D%22geometry%22%3E%3CmxPoint%20x%3D%22440%22%20y%3D%22-870%22%20as%3D%22sourcePoint%22%2F%3E%3CmxPoint%20x%3D%22330%22%20y%3D%22-870%22%20as%3D%22targetPoint%22%2F%3E%3C%2FmxGeometry%3E%3C%2FmxCell%3E%3C%2Froot%3E%3C%2FmxGraphModel%3E&lt;/span&gt;" style="endArrow=classic;html=1;rounded=0;" parent="1" edge="1">
          <mxGeometry width="50" height="50" relative="1" as="geometry">
            <mxPoint x="150" y="-920" as="sourcePoint" />
            <mxPoint x="270" y="-990" as="targetPoint" />
          </mxGeometry>
        </mxCell>
        <mxCell id="CAJkWnT9rMxN10_DGetB-30" value="pedido" style="rounded=1;whiteSpace=wrap;html=1;" parent="1" vertex="1">
          <mxGeometry x="182" y="-730" width="98" height="40" as="geometry" />
        </mxCell>
        <mxCell id="CAJkWnT9rMxN10_DGetB-31" value="sistema de pago" style="rounded=1;whiteSpace=wrap;html=1;" parent="1" vertex="1">
          <mxGeometry x="480" y="-730" width="98" height="40" as="geometry" />
        </mxCell>
        <mxCell id="CAJkWnT9rMxN10_DGetB-32" value="" style="endArrow=none;html=1;rounded=0;" parent="1" target="CAJkWnT9rMxN10_DGetB-30" edge="1">
          <mxGeometry width="50" height="50" relative="1" as="geometry">
            <mxPoint x="150" y="-830" as="sourcePoint" />
            <mxPoint x="450" y="-859.9999999999999" as="targetPoint" />
          </mxGeometry>
        </mxCell>
        <mxCell id="CAJkWnT9rMxN10_DGetB-33" value="3.0&lt;div&gt;genera un pedido&lt;/div&gt;" style="text;html=1;align=center;verticalAlign=middle;whiteSpace=wrap;rounded=0;" parent="1" vertex="1">
          <mxGeometry x="182" y="-810" width="110" height="30" as="geometry" />
        </mxCell>
        <mxCell id="CAJkWnT9rMxN10_DGetB-35" value="" style="endArrow=none;html=1;rounded=0;" parent="1" source="CAJkWnT9rMxN10_DGetB-30" target="CAJkWnT9rMxN10_DGetB-31" edge="1">
          <mxGeometry width="50" height="50" relative="1" as="geometry">
            <mxPoint x="330" y="-799.9999999999999" as="sourcePoint" />
            <mxPoint x="430" y="-799.9999999999999" as="targetPoint" />
          </mxGeometry>
        </mxCell>
        <mxCell id="CAJkWnT9rMxN10_DGetB-36" value="3.1&lt;div&gt;paga producto&lt;/div&gt;" style="text;html=1;align=center;verticalAlign=middle;whiteSpace=wrap;rounded=0;" parent="1" vertex="1">
          <mxGeometry x="330" y="-760" width="110" height="30" as="geometry" />
        </mxCell>
        <mxCell id="CAJkWnT9rMxN10_DGetB-37" value="&lt;span style=&quot;color: rgba(0, 0, 0, 0); font-family: monospace; font-size: 0px; text-align: start; background-color: rgb(236, 236, 236);&quot;&gt;%3CmxGraphModel%3E%3Croot%3E%3CmxCell%20id%3D%220%22%2F%3E%3CmxCell%20id%3D%221%22%20parent%3D%220%22%2F%3E%3CmxCell%20id%3D%222%22%20value%3D%22%22%20style%3D%22endArrow%3Dclassic%3Bhtml%3D1%3Brounded%3D0%3B%22%20edge%3D%221%22%20parent%3D%221%22%3E%3CmxGeometry%20width%3D%2250%22%20height%3D%2250%22%20relative%3D%221%22%20as%3D%22geometry%22%3E%3CmxPoint%20x%3D%22440%22%20y%3D%22-870%22%20as%3D%22sourcePoint%22%2F%3E%3CmxPoint%20x%3D%22330%22%20y%3D%22-870%22%20as%3D%22targetPoint%22%2F%3E%3C%2FmxGeometry%3E%3C%2FmxCell%3E%3C%2Froot%3E%3C%2FmxGraphModel%3E&lt;/span&gt;" style="endArrow=classic;html=1;rounded=0;" parent="1" edge="1">
          <mxGeometry width="50" height="50" relative="1" as="geometry">
            <mxPoint x="160" y="-830" as="sourcePoint" />
            <mxPoint x="220" y="-740" as="targetPoint" />
          </mxGeometry>
        </mxCell>
        <mxCell id="CAJkWnT9rMxN10_DGetB-38" value="&lt;span style=&quot;color: rgba(0, 0, 0, 0); font-family: monospace; font-size: 0px; text-align: start; background-color: rgb(236, 236, 236);&quot;&gt;%3CmxGraphModel%3E%3Croot%3E%3CmxCell%20id%3D%220%22%2F%3E%3CmxCell%20id%3D%221%22%20parent%3D%220%22%2F%3E%3CmxCell%20id%3D%222%22%20value%3D%22%22%20style%3D%22endArrow%3Dclassic%3Bhtml%3D1%3Brounded%3D0%3B%22%20edge%3D%221%22%20parent%3D%221%22%3E%3CmxGeometry%20width%3D%2250%22%20height%3D%2250%22%20relative%3D%221%22%20as%3D%22geometry%22%3E%3CmxPoint%20x%3D%22440%22%20y%3D%22-870%22%20as%3D%22sourcePoint%22%2F%3E%3CmxPoint%20x%3D%22330%22%20y%3D%22-870%22%20as%3D%22targetPoint%22%2F%3E%3C%2FmxGeometry%3E%3C%2FmxCell%3E%3C%2Froot%3E%3C%2FmxGraphModel%3E&lt;/span&gt;" style="endArrow=classic;html=1;rounded=0;" parent="1" edge="1">
          <mxGeometry width="50" height="50" relative="1" as="geometry">
            <mxPoint x="290" y="-720" as="sourcePoint" />
            <mxPoint x="470" y="-720" as="targetPoint" />
          </mxGeometry>
        </mxCell>
        <mxCell id="CAJkWnT9rMxN10_DGetB-39" value="&lt;span style=&quot;color: rgba(0, 0, 0, 0); font-family: monospace; font-size: 0px; text-align: start; background-color: rgb(236, 236, 236);&quot;&gt;%3CmxGraphModel%3E%3Croot%3E%3CmxCell%20id%3D%220%22%2F%3E%3CmxCell%20id%3D%221%22%20parent%3D%220%22%2F%3E%3CmxCell%20id%3D%222%22%20value%3D%22%22%20style%3D%22endArrow%3Dclassic%3Bhtml%3D1%3Brounded%3D0%3B%22%20edge%3D%221%22%20parent%3D%221%22%3E%3CmxGeometry%20width%3D%2250%22%20height%3D%2250%22%20relative%3D%221%22%20as%3D%22geometry%22%3E%3CmxPoint%20x%3D%22440%22%20y%3D%22-870%22%20as%3D%22sourcePoint%22%2F%3E%3CmxPoint%20x%3D%22330%22%20y%3D%22-870%22%20as%3D%22targetPoint%22%2F%3E%3C%2FmxGeometry%3E%3C%2FmxCell%3E%3C%2Froot%3E%3C%2FmxGraphModel%3E&lt;/span&gt;" style="endArrow=classic;html=1;rounded=0;" parent="1" edge="1">
          <mxGeometry width="50" height="50" relative="1" as="geometry">
            <mxPoint x="460" y="-700" as="sourcePoint" />
            <mxPoint x="290" y="-700" as="targetPoint" />
          </mxGeometry>
        </mxCell>
        <mxCell id="CAJkWnT9rMxN10_DGetB-40" value="3.2&lt;div&gt;confirmacion de pago&lt;/div&gt;" style="text;html=1;align=center;verticalAlign=middle;whiteSpace=wrap;rounded=0;" parent="1" vertex="1">
          <mxGeometry x="318" y="-690" width="110" height="30" as="geometry" />
        </mxCell>
        <mxCell id="CAJkWnT9rMxN10_DGetB-41" value="3.3&lt;div&gt;se informa confirmacion de compra&lt;/div&gt;" style="text;html=1;align=center;verticalAlign=middle;whiteSpace=wrap;rounded=0;" parent="1" vertex="1">
          <mxGeometry x="65" y="-780" width="115" height="50" as="geometry" />
        </mxCell>
        <mxCell id="CAJkWnT9rMxN10_DGetB-42" value="&lt;span style=&quot;color: rgba(0, 0, 0, 0); font-family: monospace; font-size: 0px; text-align: start; background-color: rgb(236, 236, 236);&quot;&gt;%3CmxGraphModel%3E%3Croot%3E%3CmxCell%20id%3D%220%22%2F%3E%3CmxCell%20id%3D%221%22%20parent%3D%220%22%2F%3E%3CmxCell%20id%3D%222%22%20value%3D%22%22%20style%3D%22endArrow%3Dclassic%3Bhtml%3D1%3Brounded%3D0%3B%22%20edge%3D%221%22%20parent%3D%221%22%3E%3CmxGeometry%20width%3D%2250%22%20height%3D%2250%22%20relative%3D%221%22%20as%3D%22geometry%22%3E%3CmxPoint%20x%3D%22440%22%20y%3D%22-870%22%20as%3D%22sourcePoint%22%2F%3E%3CmxPoint%20x%3D%22330%22%20y%3D%22-870%22%20as%3D%22targetPoint%22%2F%3E%3C%2FmxGeometry%3E%3C%2FmxCell%3E%3C%2Froot%3E%3C%2FmxGraphModel%3E&lt;/span&gt;" style="endArrow=classic;html=1;rounded=0;dashed=1;" parent="1" edge="1">
          <mxGeometry width="50" height="50" relative="1" as="geometry">
            <mxPoint x="190" y="-740" as="sourcePoint" />
            <mxPoint x="140" y="-820" as="targetPoint" />
          </mxGeometry>
        </mxCell>
      </root>
    </mxGraphModel>
  </diagram>
</mxfile>
