<?xml version="1.0" encoding="UTF-8"?>
<mxfile host="app.diagrams.net" agent="Mozilla/5.0 (Windows NT 10.0; Win64; x64) AppleWebKit/537.36 (KHTML, like Gecko) Chrome/136.0.0.0 Safari/537.36" version="27.0.9">
  <diagram name="Página-1" id="BaKtvfBO3T_xec2Lxrsn">
    <mxGraphModel dx="1042" dy="527" grid="1" gridSize="10" guides="1" tooltips="1" connect="1" arrows="1" fold="1" page="1" pageScale="1" pageWidth="827" pageHeight="1169" math="0" shadow="0">
      <root>
        <mxCell id="0" />
        <mxCell id="1" parent="0" />
        <mxCell id="v_7Zl_mzrpwbdPZHvNxK-1" value="administrador" style="shape=umlActor;verticalLabelPosition=bottom;verticalAlign=top;html=1;outlineConnect=0;" parent="1" vertex="1">
          <mxGeometry x="50" y="180" width="30" height="60" as="geometry" />
        </mxCell>
        <mxCell id="v_7Zl_mzrpwbdPZHvNxK-21" value="" style="endArrow=none;html=1;rounded=0;" parent="1" source="v_7Zl_mzrpwbdPZHvNxK-1" target="S0reTCr6KRyg2yK0om87-1" edge="1">
          <mxGeometry width="50" height="50" relative="1" as="geometry">
            <mxPoint x="300" y="290" as="sourcePoint" />
            <mxPoint x="160" y="210" as="targetPoint" />
          </mxGeometry>
        </mxCell>
        <mxCell id="S0reTCr6KRyg2yK0om87-1" value="&lt;table&gt;&lt;tbody&gt;&lt;tr&gt;&lt;td data-col-size=&quot;sm&quot; data-end=&quot;768&quot; data-start=&quot;745&quot;&gt;&lt;code data-end=&quot;753&quot; data-start=&quot;747&quot;&gt;Web&lt;/code&gt;&lt;/td&gt;&lt;/tr&gt;&lt;/tbody&gt;&lt;/table&gt;&lt;table&gt;&lt;tbody&gt;&lt;tr&gt;&lt;td data-end=&quot;810&quot; data-start=&quot;768&quot; data-col-size=&quot;sm&quot;&gt;&lt;/td&gt;&lt;/tr&gt;&lt;/tbody&gt;&lt;/table&gt;" style="rounded=1;whiteSpace=wrap;html=1;" parent="1" vertex="1">
          <mxGeometry x="273" y="185" width="130" height="50" as="geometry" />
        </mxCell>
        <mxCell id="S0reTCr6KRyg2yK0om87-4" value="&#xa;Inventario&#xa;&#xa;" style="rounded=1;whiteSpace=wrap;html=1;strokeColor=default;align=center;verticalAlign=middle;fontFamily=Helvetica;fontSize=12;fontColor=default;fillColor=default;" parent="1" vertex="1">
          <mxGeometry x="580" y="185" width="130" height="50" as="geometry" />
        </mxCell>
        <mxCell id="S0reTCr6KRyg2yK0om87-5" value="&#xa;BaseDeDatos&#xa;&#xa;" style="rounded=1;whiteSpace=wrap;html=1;" parent="1" vertex="1">
          <mxGeometry x="810" y="265" width="130" height="50" as="geometry" />
        </mxCell>
        <mxCell id="S0reTCr6KRyg2yK0om87-6" value="&#xa;Producto&#xa;&#xa;" style="rounded=1;whiteSpace=wrap;html=1;strokeColor=default;align=center;verticalAlign=middle;fontFamily=Helvetica;fontSize=12;fontColor=default;fillColor=default;" parent="1" vertex="1">
          <mxGeometry x="790" y="80" width="130" height="50" as="geometry" />
        </mxCell>
        <mxCell id="S0reTCr6KRyg2yK0om87-7" value="1.login" style="text;html=1;align=center;verticalAlign=middle;whiteSpace=wrap;rounded=0;" parent="1" vertex="1">
          <mxGeometry x="140" y="170" width="60" height="30" as="geometry" />
        </mxCell>
        <mxCell id="S0reTCr6KRyg2yK0om87-9" value="&lt;table&gt;&lt;tbody&gt;&lt;tr&gt;&lt;td data-col-size=&quot;sm&quot; data-end=&quot;1354&quot; data-start=&quot;1349&quot;&gt;&lt;/td&gt;&lt;/tr&gt;&lt;/tbody&gt;&lt;/table&gt;&lt;table&gt;&lt;tbody&gt;&lt;tr&gt;&lt;td data-end=&quot;1397&quot; data-start=&quot;1354&quot; data-col-size=&quot;sm&quot;&gt;2.seleccionarGestionInventario&lt;/td&gt;&lt;/tr&gt;&lt;/tbody&gt;&lt;/table&gt;" style="text;html=1;align=center;verticalAlign=middle;whiteSpace=wrap;rounded=0;" parent="1" vertex="1">
          <mxGeometry x="93" y="140" width="180" height="40" as="geometry" />
        </mxCell>
        <mxCell id="S0reTCr6KRyg2yK0om87-13" value="" style="endArrow=none;html=1;rounded=0;" parent="1" source="S0reTCr6KRyg2yK0om87-1" target="S0reTCr6KRyg2yK0om87-4" edge="1">
          <mxGeometry width="50" height="50" relative="1" as="geometry">
            <mxPoint x="360" y="230.0000000000001" as="sourcePoint" />
            <mxPoint x="460" y="230.0000000000001" as="targetPoint" />
          </mxGeometry>
        </mxCell>
        <mxCell id="S0reTCr6KRyg2yK0om87-14" value="3.ingresarDatosProducto()" style="text;html=1;align=center;verticalAlign=middle;whiteSpace=wrap;rounded=0;" parent="1" vertex="1">
          <mxGeometry x="420" y="170" width="146" height="25" as="geometry" />
        </mxCell>
        <mxCell id="S0reTCr6KRyg2yK0om87-16" value="4.validarProducto" style="text;whiteSpace=wrap;html=1;" parent="1" vertex="1">
          <mxGeometry x="670" y="110" width="100" height="30" as="geometry" />
        </mxCell>
        <mxCell id="S0reTCr6KRyg2yK0om87-18" value="&lt;table&gt;&lt;tbody&gt;&lt;tr&gt;&lt;td data-start=&quot;1571&quot; data-end=&quot;1614&quot; data-col-size=&quot;sm&quot;&gt;5.guardarProducto()&lt;/td&gt;&lt;/tr&gt;&lt;/tbody&gt;&lt;/table&gt;&lt;table&gt;&lt;tbody&gt;&lt;tr&gt;&lt;td data-col-size=&quot;sm&quot; data-start=&quot;1614&quot; data-end=&quot;1642&quot;&gt;&lt;/td&gt;&lt;/tr&gt;&lt;/tbody&gt;&lt;/table&gt;" style="text;whiteSpace=wrap;html=1;" parent="1" vertex="1">
          <mxGeometry x="670" y="265" width="120" height="30" as="geometry" />
        </mxCell>
        <mxCell id="S0reTCr6KRyg2yK0om87-20" value="" style="endArrow=classic;html=1;rounded=0;" parent="1" edge="1">
          <mxGeometry width="50" height="50" relative="1" as="geometry">
            <mxPoint x="90" y="200" as="sourcePoint" />
            <mxPoint x="250" y="200" as="targetPoint" />
          </mxGeometry>
        </mxCell>
        <mxCell id="S0reTCr6KRyg2yK0om87-21" value="" style="endArrow=classic;html=1;rounded=0;" parent="1" edge="1">
          <mxGeometry width="50" height="50" relative="1" as="geometry">
            <mxPoint x="414" y="200" as="sourcePoint" />
            <mxPoint x="574" y="200" as="targetPoint" />
          </mxGeometry>
        </mxCell>
        <mxCell id="S0reTCr6KRyg2yK0om87-22" value="" style="endArrow=none;html=1;rounded=0;" parent="1" source="S0reTCr6KRyg2yK0om87-4" target="S0reTCr6KRyg2yK0om87-6" edge="1">
          <mxGeometry width="50" height="50" relative="1" as="geometry">
            <mxPoint x="520" y="220" as="sourcePoint" />
            <mxPoint x="570" y="170" as="targetPoint" />
          </mxGeometry>
        </mxCell>
        <mxCell id="S0reTCr6KRyg2yK0om87-23" value="" style="endArrow=none;html=1;rounded=0;" parent="1" source="S0reTCr6KRyg2yK0om87-4" target="S0reTCr6KRyg2yK0om87-5" edge="1">
          <mxGeometry width="50" height="50" relative="1" as="geometry">
            <mxPoint x="920" y="275" as="sourcePoint" />
            <mxPoint x="1030" y="220" as="targetPoint" />
          </mxGeometry>
        </mxCell>
        <mxCell id="S0reTCr6KRyg2yK0om87-24" value="" style="endArrow=classic;html=1;rounded=0;" parent="1" edge="1">
          <mxGeometry width="50" height="50" relative="1" as="geometry">
            <mxPoint x="250" y="220" as="sourcePoint" />
            <mxPoint x="90" y="220" as="targetPoint" />
          </mxGeometry>
        </mxCell>
        <mxCell id="S0reTCr6KRyg2yK0om87-25" value="" style="endArrow=classic;html=1;rounded=0;" parent="1" edge="1">
          <mxGeometry width="50" height="50" relative="1" as="geometry">
            <mxPoint x="700" y="240" as="sourcePoint" />
            <mxPoint x="800" y="280" as="targetPoint" />
          </mxGeometry>
        </mxCell>
        <mxCell id="S0reTCr6KRyg2yK0om87-26" value="" style="endArrow=classic;html=1;rounded=0;" parent="1" edge="1">
          <mxGeometry width="50" height="50" relative="1" as="geometry">
            <mxPoint x="700" y="170" as="sourcePoint" />
            <mxPoint x="780" y="130" as="targetPoint" />
          </mxGeometry>
        </mxCell>
        <mxCell id="S0reTCr6KRyg2yK0om87-27" value="6.confirmacionRegistro" style="text;html=1;align=center;verticalAlign=middle;whiteSpace=wrap;rounded=0;" parent="1" vertex="1">
          <mxGeometry x="105" y="220" width="130" height="30" as="geometry" />
        </mxCell>
      </root>
    </mxGraphModel>
  </diagram>
</mxfile>
