<?xml version="1.0" encoding="UTF-8"?>
<mxfile host="app.diagrams.net" agent="Mozilla/5.0 (Windows NT 10.0; Win64; x64) AppleWebKit/537.36 (KHTML, like Gecko) Chrome/136.0.0.0 Safari/537.36" version="27.0.9">
  <diagram name="Page-1" id="13e1069c-82ec-6db2-03f1-153e76fe0fe0">
    <mxGraphModel dx="1042" dy="527" grid="1" gridSize="10" guides="1" tooltips="1" connect="1" arrows="1" fold="1" page="1" pageScale="1" pageWidth="1100" pageHeight="850" background="none" math="0" shadow="0">
      <root>
        <mxCell id="0" />
        <mxCell id="1" parent="0" />
        <mxCell id="7baba1c4bc27f4b0-2" value="Web" style="shape=umlLifeline;perimeter=lifelinePerimeter;whiteSpace=wrap;html=1;container=1;collapsible=0;recursiveResize=0;outlineConnect=0;rounded=1;shadow=0;comic=0;labelBackgroundColor=none;strokeWidth=1;fontFamily=Verdana;fontSize=12;align=center;" parent="1" vertex="1">
          <mxGeometry x="300" y="80" width="100" height="510" as="geometry" />
        </mxCell>
        <mxCell id="RojuPbxoYti02GRULscR-33" value="" style="html=1;points=[[0,0,0,0,5],[0,1,0,0,-5],[1,0,0,0,5],[1,1,0,0,-5]];perimeter=orthogonalPerimeter;outlineConnect=0;targetShapes=umlLifeline;portConstraint=eastwest;newEdgeStyle={&quot;curved&quot;:0,&quot;rounded&quot;:0};" parent="7baba1c4bc27f4b0-2" vertex="1">
          <mxGeometry x="45" y="195" width="10" height="30" as="geometry" />
        </mxCell>
        <mxCell id="7baba1c4bc27f4b0-3" value="Pedido" style="shape=umlLifeline;perimeter=lifelinePerimeter;whiteSpace=wrap;html=1;container=1;collapsible=0;recursiveResize=0;outlineConnect=0;rounded=1;shadow=0;comic=0;labelBackgroundColor=none;strokeWidth=1;fontFamily=Verdana;fontSize=12;align=center;" parent="1" vertex="1">
          <mxGeometry x="460" y="80" width="110" height="520" as="geometry" />
        </mxCell>
        <mxCell id="RojuPbxoYti02GRULscR-11" value="" style="html=1;points=[[0,0,0,0,5],[0,1,0,0,-5],[1,0,0,0,5],[1,1,0,0,-5]];perimeter=orthogonalPerimeter;outlineConnect=0;targetShapes=umlLifeline;portConstraint=eastwest;newEdgeStyle={&quot;curved&quot;:0,&quot;rounded&quot;:0};" parent="7baba1c4bc27f4b0-3" vertex="1">
          <mxGeometry x="50" y="70" width="10" height="30" as="geometry" />
        </mxCell>
        <mxCell id="N9cNc-PJU-UNC8Z31v3t-13" value="Actualizar Stock" style="html=1;verticalAlign=bottom;endArrow=open;dashed=1;endSize=8;curved=0;rounded=0;" parent="7baba1c4bc27f4b0-3" edge="1">
          <mxGeometry relative="1" as="geometry">
            <mxPoint x="194.83000000000004" y="130" as="sourcePoint" />
            <mxPoint x="49.9966666666665" y="130" as="targetPoint" />
            <Array as="points">
              <mxPoint x="125.33000000000004" y="130" />
            </Array>
          </mxGeometry>
        </mxCell>
        <mxCell id="RojuPbxoYti02GRULscR-13" value="" style="html=1;points=[[0,0,0,0,5],[0,1,0,0,-5],[1,0,0,0,5],[1,1,0,0,-5]];perimeter=orthogonalPerimeter;outlineConnect=0;targetShapes=umlLifeline;portConstraint=eastwest;newEdgeStyle={&quot;curved&quot;:0,&quot;rounded&quot;:0};" parent="7baba1c4bc27f4b0-3" vertex="1">
          <mxGeometry x="50" y="120" width="10" height="180" as="geometry" />
        </mxCell>
        <mxCell id="RojuPbxoYti02GRULscR-28" value="" style="html=1;points=[[0,0,0,0,5],[0,1,0,0,-5],[1,0,0,0,5],[1,1,0,0,-5]];perimeter=orthogonalPerimeter;outlineConnect=0;targetShapes=umlLifeline;portConstraint=eastwest;newEdgeStyle={&quot;curved&quot;:0,&quot;rounded&quot;:0};" parent="7baba1c4bc27f4b0-3" vertex="1">
          <mxGeometry x="50" y="420" width="10" height="40" as="geometry" />
        </mxCell>
        <mxCell id="7baba1c4bc27f4b0-4" value="inventario" style="shape=umlLifeline;perimeter=lifelinePerimeter;whiteSpace=wrap;html=1;container=1;collapsible=0;recursiveResize=0;outlineConnect=0;rounded=1;shadow=0;comic=0;labelBackgroundColor=none;strokeWidth=1;fontFamily=Verdana;fontSize=12;align=center;" parent="1" vertex="1">
          <mxGeometry x="610" y="80" width="100" height="520" as="geometry" />
        </mxCell>
        <mxCell id="N9cNc-PJU-UNC8Z31v3t-26" value="Autorizacion de pago" style="html=1;verticalAlign=bottom;endArrow=open;dashed=1;endSize=8;curved=0;rounded=0;" parent="7baba1c4bc27f4b0-4" edge="1">
          <mxGeometry relative="1" as="geometry">
            <mxPoint x="210.18" y="340" as="sourcePoint" />
            <mxPoint x="50.00352941176464" y="340.00000000000006" as="targetPoint" />
            <Array as="points">
              <mxPoint x="180.68" y="340" />
            </Array>
          </mxGeometry>
        </mxCell>
        <mxCell id="N9cNc-PJU-UNC8Z31v3t-27" value="" style="endArrow=classic;html=1;rounded=0;" parent="7baba1c4bc27f4b0-4" edge="1">
          <mxGeometry relative="1" as="geometry">
            <mxPoint x="-419.99647058823535" y="350" as="sourcePoint" />
            <mxPoint x="210.17999999999995" y="350" as="targetPoint" />
            <Array as="points">
              <mxPoint x="-169.32" y="350" />
            </Array>
          </mxGeometry>
        </mxCell>
        <mxCell id="N9cNc-PJU-UNC8Z31v3t-28" value="Confirmar Pago" style="edgeLabel;resizable=0;html=1;;align=center;verticalAlign=middle;" parent="N9cNc-PJU-UNC8Z31v3t-27" connectable="0" vertex="1">
          <mxGeometry relative="1" as="geometry" />
        </mxCell>
        <mxCell id="N9cNc-PJU-UNC8Z31v3t-32" value="" style="endArrow=classic;html=1;rounded=0;" parent="7baba1c4bc27f4b0-4" source="0z1vBKgVZb3jruM6Y8Gb-3" edge="1">
          <mxGeometry relative="1" as="geometry">
            <mxPoint x="-259.32" y="410" as="sourcePoint" />
            <mxPoint x="210.17999999999995" y="410" as="targetPoint" />
          </mxGeometry>
        </mxCell>
        <mxCell id="N9cNc-PJU-UNC8Z31v3t-33" value="Confirmar&amp;nbsp; y verificacion de la Orden" style="edgeLabel;resizable=0;html=1;;align=center;verticalAlign=middle;" parent="N9cNc-PJU-UNC8Z31v3t-32" connectable="0" vertex="1">
          <mxGeometry relative="1" as="geometry" />
        </mxCell>
        <mxCell id="N9cNc-PJU-UNC8Z31v3t-37" value="Orden Lista" style="html=1;verticalAlign=bottom;endArrow=open;dashed=1;endSize=8;curved=0;rounded=0;" parent="7baba1c4bc27f4b0-4" edge="1">
          <mxGeometry relative="1" as="geometry">
            <mxPoint x="210.17999999999995" y="440" as="sourcePoint" />
            <mxPoint x="-99.82" y="440" as="targetPoint" />
            <Array as="points">
              <mxPoint x="110.67999999999995" y="440" />
            </Array>
          </mxGeometry>
        </mxCell>
        <mxCell id="N9cNc-PJU-UNC8Z31v3t-18" value="" style="endArrow=classic;html=1;rounded=0;" parent="7baba1c4bc27f4b0-4" edge="1">
          <mxGeometry relative="1" as="geometry">
            <mxPoint x="-260.67647058823536" y="250" as="sourcePoint" />
            <mxPoint x="49.5" y="250" as="targetPoint" />
            <Array as="points">
              <mxPoint x="-100" y="250" />
              <mxPoint x="-40" y="250" />
            </Array>
          </mxGeometry>
        </mxCell>
        <mxCell id="N9cNc-PJU-UNC8Z31v3t-19" value="Generar Orden" style="edgeLabel;resizable=0;html=1;;align=center;verticalAlign=middle;" parent="N9cNc-PJU-UNC8Z31v3t-18" connectable="0" vertex="1">
          <mxGeometry relative="1" as="geometry" />
        </mxCell>
        <mxCell id="N9cNc-PJU-UNC8Z31v3t-21" value="ID orden" style="html=1;verticalAlign=bottom;endArrow=open;dashed=1;endSize=8;curved=0;rounded=0;" parent="7baba1c4bc27f4b0-4" source="RojuPbxoYti02GRULscR-17" edge="1">
          <mxGeometry relative="1" as="geometry">
            <mxPoint x="39.5" y="270" as="sourcePoint" />
            <mxPoint x="-100.67647058823536" y="270" as="targetPoint" />
            <Array as="points">
              <mxPoint x="10" y="270" />
              <mxPoint x="-60" y="270" />
            </Array>
          </mxGeometry>
        </mxCell>
        <mxCell id="RojuPbxoYti02GRULscR-12" value="" style="html=1;points=[[0,0,0,0,5],[0,1,0,0,-5],[1,0,0,0,5],[1,1,0,0,-5]];perimeter=orthogonalPerimeter;outlineConnect=0;targetShapes=umlLifeline;portConstraint=eastwest;newEdgeStyle={&quot;curved&quot;:0,&quot;rounded&quot;:0};" parent="7baba1c4bc27f4b0-4" vertex="1">
          <mxGeometry x="45" y="90" width="10" height="50" as="geometry" />
        </mxCell>
        <mxCell id="RojuPbxoYti02GRULscR-17" value="" style="html=1;points=[[0,0,0,0,5],[0,1,0,0,-5],[1,0,0,0,5],[1,1,0,0,-5]];perimeter=orthogonalPerimeter;outlineConnect=0;targetShapes=umlLifeline;portConstraint=eastwest;newEdgeStyle={&quot;curved&quot;:0,&quot;rounded&quot;:0};" parent="7baba1c4bc27f4b0-4" vertex="1">
          <mxGeometry x="45" y="240" width="10" height="50" as="geometry" />
        </mxCell>
        <mxCell id="RojuPbxoYti02GRULscR-30" value="" style="html=1;points=[[0,0,0,0,5],[0,1,0,0,-5],[1,0,0,0,5],[1,1,0,0,-5]];perimeter=orthogonalPerimeter;outlineConnect=0;targetShapes=umlLifeline;portConstraint=eastwest;newEdgeStyle={&quot;curved&quot;:0,&quot;rounded&quot;:0};" parent="7baba1c4bc27f4b0-4" vertex="1">
          <mxGeometry x="45" y="320" width="10" height="30" as="geometry" />
        </mxCell>
        <mxCell id="7baba1c4bc27f4b0-5" value="Sist.pago" style="shape=umlLifeline;perimeter=lifelinePerimeter;whiteSpace=wrap;html=1;container=1;collapsible=0;recursiveResize=0;outlineConnect=0;rounded=1;shadow=0;comic=0;labelBackgroundColor=none;strokeWidth=1;fontFamily=Verdana;fontSize=12;align=center;" parent="1" vertex="1">
          <mxGeometry x="770" y="80" width="100" height="520" as="geometry" />
        </mxCell>
        <mxCell id="RojuPbxoYti02GRULscR-20" value="" style="html=1;points=[[0,0,0,0,5],[0,1,0,0,-5],[1,0,0,0,5],[1,1,0,0,-5]];perimeter=orthogonalPerimeter;outlineConnect=0;targetShapes=umlLifeline;portConstraint=eastwest;newEdgeStyle={&quot;curved&quot;:0,&quot;rounded&quot;:0};" parent="7baba1c4bc27f4b0-5" vertex="1">
          <mxGeometry x="45" y="290" width="10" height="40" as="geometry" />
        </mxCell>
        <mxCell id="RojuPbxoYti02GRULscR-21" value="" style="html=1;points=[[0,0,0,0,5],[0,1,0,0,-5],[1,0,0,0,5],[1,1,0,0,-5]];perimeter=orthogonalPerimeter;outlineConnect=0;targetShapes=umlLifeline;portConstraint=eastwest;newEdgeStyle={&quot;curved&quot;:0,&quot;rounded&quot;:0};" parent="7baba1c4bc27f4b0-5" vertex="1">
          <mxGeometry x="45" y="400" width="10" height="40" as="geometry" />
        </mxCell>
        <mxCell id="RojuPbxoYti02GRULscR-29" value="" style="html=1;points=[[0,0,0,0,5],[0,1,0,0,-5],[1,0,0,0,5],[1,1,0,0,-5]];perimeter=orthogonalPerimeter;outlineConnect=0;targetShapes=umlLifeline;portConstraint=eastwest;newEdgeStyle={&quot;curved&quot;:0,&quot;rounded&quot;:0};" parent="7baba1c4bc27f4b0-5" vertex="1">
          <mxGeometry x="45" y="340" width="10" height="30" as="geometry" />
        </mxCell>
        <mxCell id="0z1vBKgVZb3jruM6Y8Gb-3" value="Cliente" style="shape=umlLifeline;perimeter=lifelinePerimeter;whiteSpace=wrap;html=1;container=1;collapsible=0;recursiveResize=0;outlineConnect=0;rounded=1;shadow=0;comic=0;labelBackgroundColor=none;strokeWidth=1;fontFamily=Verdana;fontSize=12;align=center;" parent="1" vertex="1">
          <mxGeometry x="140" y="80" width="100" height="510" as="geometry" />
        </mxCell>
        <mxCell id="RojuPbxoYti02GRULscR-7" value="" style="html=1;points=[[0,0,0,0,5],[0,1,0,0,-5],[1,0,0,0,5],[1,1,0,0,-5]];perimeter=orthogonalPerimeter;outlineConnect=0;targetShapes=umlLifeline;portConstraint=eastwest;newEdgeStyle={&quot;curved&quot;:0,&quot;rounded&quot;:0};" parent="0z1vBKgVZb3jruM6Y8Gb-3" vertex="1">
          <mxGeometry x="45" y="120" width="10" height="30" as="geometry" />
        </mxCell>
        <mxCell id="N9cNc-PJU-UNC8Z31v3t-10" value="Mostrar Producto" style="html=1;verticalAlign=bottom;endArrow=open;dashed=1;endSize=8;curved=0;rounded=0;" parent="0z1vBKgVZb3jruM6Y8Gb-3" source="RojuPbxoYti02GRULscR-7" target="0z1vBKgVZb3jruM6Y8Gb-3" edge="1">
          <mxGeometry y="71" relative="1" as="geometry">
            <mxPoint x="470" y="200" as="sourcePoint" />
            <mxPoint x="390" y="200" as="targetPoint" />
            <Array as="points" />
            <mxPoint x="70" y="5" as="offset" />
          </mxGeometry>
        </mxCell>
        <mxCell id="RojuPbxoYti02GRULscR-27" value="" style="html=1;points=[[0,0,0,0,5],[0,1,0,0,-5],[1,0,0,0,5],[1,1,0,0,-5]];perimeter=orthogonalPerimeter;outlineConnect=0;targetShapes=umlLifeline;portConstraint=eastwest;newEdgeStyle={&quot;curved&quot;:0,&quot;rounded&quot;:0};" parent="0z1vBKgVZb3jruM6Y8Gb-3" vertex="1">
          <mxGeometry x="45" y="450" width="10" height="30" as="geometry" />
        </mxCell>
        <mxCell id="RojuPbxoYti02GRULscR-34" value="" style="html=1;points=[[0,0,0,0,5],[0,1,0,0,-5],[1,0,0,0,5],[1,1,0,0,-5]];perimeter=orthogonalPerimeter;outlineConnect=0;targetShapes=umlLifeline;portConstraint=eastwest;newEdgeStyle={&quot;curved&quot;:0,&quot;rounded&quot;:0};" parent="0z1vBKgVZb3jruM6Y8Gb-3" vertex="1">
          <mxGeometry x="45" y="170" width="10" height="40" as="geometry" />
        </mxCell>
        <mxCell id="N9cNc-PJU-UNC8Z31v3t-2" value="" style="endArrow=classic;html=1;rounded=0;" parent="1" target="7baba1c4bc27f4b0-3" edge="1">
          <mxGeometry relative="1" as="geometry">
            <mxPoint x="190" y="160" as="sourcePoint" />
            <mxPoint x="620" y="280" as="targetPoint" />
            <Array as="points">
              <mxPoint x="250" y="160" />
              <mxPoint x="380" y="160" />
            </Array>
          </mxGeometry>
        </mxCell>
        <mxCell id="N9cNc-PJU-UNC8Z31v3t-3" value="Buscar Producto" style="edgeLabel;resizable=0;html=1;;align=center;verticalAlign=middle;" parent="N9cNc-PJU-UNC8Z31v3t-2" connectable="0" vertex="1">
          <mxGeometry relative="1" as="geometry">
            <mxPoint x="-39" as="offset" />
          </mxGeometry>
        </mxCell>
        <mxCell id="N9cNc-PJU-UNC8Z31v3t-5" value="" style="endArrow=classic;html=1;rounded=0;" parent="1" edge="1">
          <mxGeometry relative="1" as="geometry">
            <mxPoint x="349.6666666666665" y="190" as="sourcePoint" />
            <mxPoint x="659.5" y="190" as="targetPoint" />
            <Array as="points">
              <mxPoint x="440" y="190" />
              <mxPoint x="490" y="190" />
              <mxPoint x="530" y="190" />
              <mxPoint x="540" y="190" />
            </Array>
          </mxGeometry>
        </mxCell>
        <mxCell id="N9cNc-PJU-UNC8Z31v3t-6" value="Consultar Stock" style="edgeLabel;resizable=0;html=1;;align=center;verticalAlign=middle;" parent="N9cNc-PJU-UNC8Z31v3t-5" connectable="0" vertex="1">
          <mxGeometry relative="1" as="geometry">
            <mxPoint x="-19" as="offset" />
          </mxGeometry>
        </mxCell>
        <mxCell id="N9cNc-PJU-UNC8Z31v3t-11" value="" style="endArrow=classic;html=1;rounded=0;" parent="1" source="0z1vBKgVZb3jruM6Y8Gb-3" target="7baba1c4bc27f4b0-3" edge="1">
          <mxGeometry relative="1" as="geometry">
            <mxPoint x="520" y="280" as="sourcePoint" />
            <mxPoint x="620" y="280" as="targetPoint" />
            <Array as="points">
              <mxPoint x="370" y="240" />
            </Array>
          </mxGeometry>
        </mxCell>
        <mxCell id="N9cNc-PJU-UNC8Z31v3t-12" value="Agregar al Carrito" style="edgeLabel;resizable=0;html=1;;align=center;verticalAlign=middle;" parent="N9cNc-PJU-UNC8Z31v3t-11" connectable="0" vertex="1">
          <mxGeometry relative="1" as="geometry">
            <mxPoint x="-19" as="offset" />
          </mxGeometry>
        </mxCell>
        <mxCell id="N9cNc-PJU-UNC8Z31v3t-29" value="Actualizar Carrito" style="html=1;verticalAlign=bottom;endArrow=open;dashed=1;endSize=8;curved=0;rounded=0;" parent="1" edge="1">
          <mxGeometry relative="1" as="geometry">
            <mxPoint x="659.5" y="290" as="sourcePoint" />
            <mxPoint x="349" y="290" as="targetPoint" />
            <Array as="points">
              <mxPoint x="590" y="290" />
            </Array>
          </mxGeometry>
        </mxCell>
        <mxCell id="RojuPbxoYti02GRULscR-2" value="Confirmar carrito" style="html=1;verticalAlign=bottom;endArrow=open;dashed=1;endSize=8;curved=0;rounded=0;" parent="1" edge="1">
          <mxGeometry relative="1" as="geometry">
            <mxPoint x="510" y="270" as="sourcePoint" />
            <mxPoint x="189.5" y="270" as="targetPoint" />
          </mxGeometry>
        </mxCell>
        <mxCell id="RojuPbxoYti02GRULscR-3" value="" style="endArrow=classic;html=1;rounded=0;" parent="1" target="7baba1c4bc27f4b0-3" edge="1">
          <mxGeometry relative="1" as="geometry">
            <mxPoint x="190" y="310" as="sourcePoint" />
            <mxPoint x="290" y="310" as="targetPoint" />
          </mxGeometry>
        </mxCell>
        <mxCell id="RojuPbxoYti02GRULscR-4" value="Iniciar Checkout" style="edgeLabel;resizable=0;html=1;;align=center;verticalAlign=middle;" parent="RojuPbxoYti02GRULscR-3" connectable="0" vertex="1">
          <mxGeometry relative="1" as="geometry" />
        </mxCell>
        <mxCell id="RojuPbxoYti02GRULscR-1" value="Recibo de la compra" style="html=1;verticalAlign=bottom;endArrow=open;dashed=1;endSize=8;curved=0;rounded=0;" parent="1" edge="1">
          <mxGeometry relative="1" as="geometry">
            <mxPoint x="510.68" y="540" as="sourcePoint" />
            <mxPoint x="190.18" y="540" as="targetPoint" />
          </mxGeometry>
        </mxCell>
        <mxCell id="RojuPbxoYti02GRULscR-10" value="" style="html=1;verticalAlign=bottom;endArrow=open;dashed=1;endSize=8;curved=0;rounded=0;" parent="1" target="RojuPbxoYti02GRULscR-7" edge="1">
          <mxGeometry relative="1" as="geometry">
            <mxPoint x="350" y="220" as="sourcePoint" />
            <mxPoint x="189" y="220" as="targetPoint" />
            <Array as="points">
              <mxPoint x="350" y="220" />
            </Array>
          </mxGeometry>
        </mxCell>
        <mxCell id="HzXBwbAqtQomHXEhMMyI-1" value="Dig. secuencia" style="shape=umlFrame;whiteSpace=wrap;html=1;pointerEvents=0;width=60;height=30;" parent="1" vertex="1">
          <mxGeometry x="110" y="40" width="780" height="570" as="geometry" />
        </mxCell>
        <mxCell id="N9cNc-PJU-UNC8Z31v3t-22" value="" style="endArrow=classic;html=1;rounded=0;" parent="1" edge="1">
          <mxGeometry relative="1" as="geometry">
            <mxPoint x="349.5" y="380" as="sourcePoint" />
            <mxPoint x="820.1800000000001" y="380" as="targetPoint" />
            <Array as="points">
              <mxPoint x="450.68" y="380" />
            </Array>
          </mxGeometry>
        </mxCell>
        <mxCell id="N9cNc-PJU-UNC8Z31v3t-23" value="Solcitar Pago" style="edgeLabel;resizable=0;html=1;;align=center;verticalAlign=middle;" parent="N9cNc-PJU-UNC8Z31v3t-22" connectable="0" vertex="1">
          <mxGeometry relative="1" as="geometry" />
        </mxCell>
        <mxCell id="tB0-4W4c_22kwn-a5xui-2" value="" style="endArrow=classic;html=1;rounded=0;" parent="1" edge="1">
          <mxGeometry relative="1" as="geometry">
            <mxPoint x="187.25" y="400" as="sourcePoint" />
            <mxPoint x="812.75" y="400" as="targetPoint" />
          </mxGeometry>
        </mxCell>
        <mxCell id="tB0-4W4c_22kwn-a5xui-3" value="método de pago" style="edgeLabel;resizable=0;html=1;;align=center;verticalAlign=middle;" parent="tB0-4W4c_22kwn-a5xui-2" connectable="0" vertex="1">
          <mxGeometry relative="1" as="geometry" />
        </mxCell>
        <mxCell id="RojuPbxoYti02GRULscR-31" value="" style="html=1;points=[[0,0,0,0,5],[0,1,0,0,-5],[1,0,0,0,5],[1,1,0,0,-5]];perimeter=orthogonalPerimeter;outlineConnect=0;targetShapes=umlLifeline;portConstraint=eastwest;newEdgeStyle={&quot;curved&quot;:0,&quot;rounded&quot;:0};" parent="1" vertex="1">
          <mxGeometry x="510" y="440" width="10" height="35" as="geometry" />
        </mxCell>
        <mxCell id="N9cNc-PJU-UNC8Z31v3t-30" value="Pago exitoso" style="html=1;verticalAlign=bottom;endArrow=open;dashed=1;endSize=8;curved=0;rounded=0;" parent="1" target="RojuPbxoYti02GRULscR-31" edge="1">
          <mxGeometry x="-0.0588" relative="1" as="geometry">
            <mxPoint x="823.8199999999999" y="465" as="sourcePoint" />
            <mxPoint x="665" y="465" as="targetPoint" />
            <Array as="points">
              <mxPoint x="795" y="465" />
              <mxPoint x="715" y="465" />
            </Array>
            <mxPoint as="offset" />
          </mxGeometry>
        </mxCell>
      </root>
    </mxGraphModel>
  </diagram>
</mxfile>
