<?xml version="1.0" encoding="UTF-8"?>
<mxfile host="app.diagrams.net" agent="Mozilla/5.0 (Windows NT 10.0; Win64; x64) AppleWebKit/537.36 (KHTML, like Gecko) Chrome/136.0.0.0 Safari/537.36" version="27.0.9">
  <diagram name="Página-1" id="fc7fT7iIw1W0haJrL6e2">
    <mxGraphModel dx="2605" dy="1318" grid="1" gridSize="10" guides="1" tooltips="1" connect="1" arrows="1" fold="1" page="1" pageScale="1" pageWidth="827" pageHeight="1169" math="0" shadow="0">
      <root>
        <mxCell id="0" />
        <mxCell id="1" parent="0" />
        <mxCell id="CIjhQccWKdnaUPjUCXqt-1" value="Web" style="shape=umlLifeline;perimeter=lifelinePerimeter;whiteSpace=wrap;html=1;container=1;collapsible=0;recursiveResize=0;outlineConnect=0;rounded=1;shadow=0;comic=0;labelBackgroundColor=none;strokeWidth=1;fontFamily=Verdana;fontSize=12;align=center;" parent="1" vertex="1">
          <mxGeometry x="640" y="130" width="100" height="690" as="geometry" />
        </mxCell>
        <mxCell id="i1QhJDP2nwD9nP3L7Vry-70" value="" style="html=1;points=[[0,0,0,0,5],[0,1,0,0,-5],[1,0,0,0,5],[1,1,0,0,-5]];perimeter=orthogonalPerimeter;outlineConnect=0;targetShapes=umlLifeline;portConstraint=eastwest;newEdgeStyle={&quot;curved&quot;:0,&quot;rounded&quot;:0};" parent="CIjhQccWKdnaUPjUCXqt-1" vertex="1">
          <mxGeometry x="45" y="390" width="10" height="30" as="geometry" />
        </mxCell>
        <mxCell id="CIjhQccWKdnaUPjUCXqt-3" value="Pedido" style="shape=umlLifeline;perimeter=lifelinePerimeter;whiteSpace=wrap;html=1;container=1;collapsible=0;recursiveResize=0;outlineConnect=0;rounded=1;shadow=0;comic=0;labelBackgroundColor=none;strokeWidth=1;fontFamily=Verdana;fontSize=12;align=center;" parent="1" vertex="1">
          <mxGeometry x="790" y="130" width="110" height="680" as="geometry" />
        </mxCell>
        <mxCell id="CIjhQccWKdnaUPjUCXqt-27" value="Cliente" style="shape=umlLifeline;perimeter=lifelinePerimeter;whiteSpace=wrap;html=1;container=1;collapsible=0;recursiveResize=0;outlineConnect=0;rounded=1;shadow=0;comic=0;labelBackgroundColor=none;strokeWidth=1;fontFamily=Verdana;fontSize=12;align=center;" parent="1" vertex="1">
          <mxGeometry x="493" y="130" width="100" height="690" as="geometry" />
        </mxCell>
        <mxCell id="CIjhQccWKdnaUPjUCXqt-44" value="Dig. secuencia" style="shape=umlFrame;whiteSpace=wrap;html=1;pointerEvents=0;width=60;height=30;" parent="1" vertex="1">
          <mxGeometry x="160" y="90" width="1260" height="810" as="geometry" />
        </mxCell>
        <mxCell id="ckzfqY4MpUXq8qHOUoKm-2" value="" style="endArrow=classic;html=1;rounded=0;" parent="1" source="CIjhQccWKdnaUPjUCXqt-27" target="CIjhQccWKdnaUPjUCXqt-1" edge="1">
          <mxGeometry relative="1" as="geometry">
            <mxPoint x="850" y="430" as="sourcePoint" />
            <mxPoint x="950" y="430" as="targetPoint" />
            <Array as="points">
              <mxPoint x="620" y="210" />
            </Array>
          </mxGeometry>
        </mxCell>
        <mxCell id="ckzfqY4MpUXq8qHOUoKm-3" value="Buscar Producto" style="edgeLabel;resizable=0;html=1;;align=center;verticalAlign=middle;" parent="ckzfqY4MpUXq8qHOUoKm-2" connectable="0" vertex="1">
          <mxGeometry relative="1" as="geometry">
            <mxPoint x="-1" as="offset" />
          </mxGeometry>
        </mxCell>
        <mxCell id="ckzfqY4MpUXq8qHOUoKm-5" value="" style="endArrow=classic;html=1;rounded=0;" parent="1" source="CIjhQccWKdnaUPjUCXqt-27" target="CIjhQccWKdnaUPjUCXqt-50" edge="1">
          <mxGeometry relative="1" as="geometry">
            <mxPoint x="550.0035294117647" y="230" as="sourcePoint" />
            <mxPoint x="830" y="230" as="targetPoint" />
            <Array as="points">
              <mxPoint x="706.68" y="230" />
            </Array>
          </mxGeometry>
        </mxCell>
        <mxCell id="ckzfqY4MpUXq8qHOUoKm-6" value="Consultar producto" style="edgeLabel;resizable=0;html=1;;align=center;verticalAlign=middle;" parent="ckzfqY4MpUXq8qHOUoKm-5" connectable="0" vertex="1">
          <mxGeometry relative="1" as="geometry">
            <mxPoint x="-13" as="offset" />
          </mxGeometry>
        </mxCell>
        <mxCell id="ckzfqY4MpUXq8qHOUoKm-7" value="Envio" style="shape=umlLifeline;perimeter=lifelinePerimeter;whiteSpace=wrap;html=1;container=1;collapsible=0;recursiveResize=0;outlineConnect=0;rounded=1;shadow=0;comic=0;labelBackgroundColor=none;strokeWidth=1;fontFamily=Verdana;fontSize=12;align=center;" parent="1" vertex="1">
          <mxGeometry x="1300" y="130" width="100" height="670" as="geometry" />
        </mxCell>
        <mxCell id="ckzfqY4MpUXq8qHOUoKm-8" value="" style="html=1;verticalAlign=bottom;endArrow=open;dashed=1;endSize=8;curved=0;rounded=0;" parent="1" source="CIjhQccWKdnaUPjUCXqt-1" edge="1">
          <mxGeometry relative="1" as="geometry">
            <mxPoint x="838" y="280" as="sourcePoint" />
            <mxPoint x="542" y="280" as="targetPoint" />
            <Array as="points">
              <mxPoint x="618.5" y="280" />
            </Array>
          </mxGeometry>
        </mxCell>
        <mxCell id="ckzfqY4MpUXq8qHOUoKm-9" value="&lt;span style=&quot;font-size: 11px; background-color: light-dark(rgb(255, 255, 255), rgb(0, 0, 0));&quot;&gt;Mostrar Producto&lt;/span&gt;" style="text;html=1;align=center;verticalAlign=middle;resizable=0;points=[];autosize=1;strokeColor=none;fillColor=none;" parent="1" vertex="1">
          <mxGeometry x="560" y="250" width="110" height="30" as="geometry" />
        </mxCell>
        <mxCell id="CIjhQccWKdnaUPjUCXqt-8" value="Webpay" style="shape=umlLifeline;perimeter=lifelinePerimeter;whiteSpace=wrap;html=1;container=1;collapsible=0;recursiveResize=0;outlineConnect=0;rounded=1;shadow=0;comic=0;labelBackgroundColor=none;strokeWidth=1;fontFamily=Verdana;fontSize=12;align=center;" parent="1" vertex="1">
          <mxGeometry x="1180" y="130" width="100" height="670" as="geometry" />
        </mxCell>
        <mxCell id="i1QhJDP2nwD9nP3L7Vry-81" value="" style="html=1;points=[[0,0,0,0,5],[0,1,0,0,-5],[1,0,0,0,5],[1,1,0,0,-5]];perimeter=orthogonalPerimeter;outlineConnect=0;targetShapes=umlLifeline;portConstraint=eastwest;newEdgeStyle={&quot;curved&quot;:0,&quot;rounded&quot;:0};" parent="CIjhQccWKdnaUPjUCXqt-8" vertex="1">
          <mxGeometry x="45" y="340" width="10" height="60" as="geometry" />
        </mxCell>
        <mxCell id="i1QhJDP2nwD9nP3L7Vry-82" value="" style="html=1;points=[[0,0,0,0,5],[0,1,0,0,-5],[1,0,0,0,5],[1,1,0,0,-5]];perimeter=orthogonalPerimeter;outlineConnect=0;targetShapes=umlLifeline;portConstraint=eastwest;newEdgeStyle={&quot;curved&quot;:0,&quot;rounded&quot;:0};" parent="CIjhQccWKdnaUPjUCXqt-8" vertex="1">
          <mxGeometry x="45" y="419" width="10" height="30" as="geometry" />
        </mxCell>
        <mxCell id="i1QhJDP2nwD9nP3L7Vry-7" value="" style="html=1;verticalAlign=bottom;endArrow=open;dashed=1;endSize=8;curved=0;rounded=0;" parent="1" source="i1QhJDP2nwD9nP3L7Vry-74" edge="1">
          <mxGeometry relative="1" as="geometry">
            <mxPoint x="842.25" y="350" as="sourcePoint" />
            <mxPoint x="537.75" y="350" as="targetPoint" />
            <Array as="points" />
          </mxGeometry>
        </mxCell>
        <mxCell id="i1QhJDP2nwD9nP3L7Vry-8" value="Confirmar productos del carrito" style="text;html=1;align=center;verticalAlign=middle;resizable=0;points=[];autosize=1;strokeColor=none;fillColor=none;" parent="1" vertex="1">
          <mxGeometry x="620" y="330" width="190" height="30" as="geometry" />
        </mxCell>
        <mxCell id="i1QhJDP2nwD9nP3L7Vry-9" value="" style="endArrow=classic;html=1;rounded=0;" parent="1" source="CIjhQccWKdnaUPjUCXqt-27" edge="1">
          <mxGeometry relative="1" as="geometry">
            <mxPoint x="550.0003448275861" y="380" as="sourcePoint" />
            <mxPoint x="851.69" y="380" as="targetPoint" />
          </mxGeometry>
        </mxCell>
        <mxCell id="i1QhJDP2nwD9nP3L7Vry-10" value="Iniciar proceso de pago" style="edgeLabel;resizable=0;html=1;;align=center;verticalAlign=middle;" parent="i1QhJDP2nwD9nP3L7Vry-9" connectable="0" vertex="1">
          <mxGeometry relative="1" as="geometry" />
        </mxCell>
        <mxCell id="i1QhJDP2nwD9nP3L7Vry-3" value="" style="endArrow=classic;html=1;rounded=0;" parent="1" edge="1">
          <mxGeometry relative="1" as="geometry">
            <mxPoint x="542.3235294117646" y="320" as="sourcePoint" />
            <mxPoint x="850" y="320" as="targetPoint" />
          </mxGeometry>
        </mxCell>
        <mxCell id="i1QhJDP2nwD9nP3L7Vry-4" value="Agregar productos al carrito" style="edgeLabel;resizable=0;html=1;;align=center;verticalAlign=middle;" parent="i1QhJDP2nwD9nP3L7Vry-3" connectable="0" vertex="1">
          <mxGeometry relative="1" as="geometry">
            <mxPoint x="42" y="-10" as="offset" />
          </mxGeometry>
        </mxCell>
        <mxCell id="CIjhQccWKdnaUPjUCXqt-50" value="Inventario" style="shape=umlLifeline;perimeter=lifelinePerimeter;whiteSpace=wrap;html=1;container=1;collapsible=0;recursiveResize=0;outlineConnect=0;rounded=1;shadow=0;comic=0;labelBackgroundColor=none;strokeWidth=1;fontFamily=Verdana;fontSize=12;align=center;" parent="1" vertex="1">
          <mxGeometry x="940" y="130" width="100" height="680" as="geometry" />
        </mxCell>
        <mxCell id="i1QhJDP2nwD9nP3L7Vry-17" value="ID Orden" style="html=1;verticalAlign=bottom;endArrow=open;dashed=1;endSize=8;curved=0;rounded=0;" parent="CIjhQccWKdnaUPjUCXqt-50" target="CIjhQccWKdnaUPjUCXqt-3" edge="1">
          <mxGeometry relative="1" as="geometry">
            <mxPoint x="50" y="304.58" as="sourcePoint" />
            <mxPoint x="-30" y="304.58" as="targetPoint" />
          </mxGeometry>
        </mxCell>
        <mxCell id="i1QhJDP2nwD9nP3L7Vry-19" value="" style="endArrow=classic;html=1;rounded=0;" parent="CIjhQccWKdnaUPjUCXqt-50" edge="1">
          <mxGeometry relative="1" as="geometry">
            <mxPoint x="-250.5" y="320" as="sourcePoint" />
            <mxPoint x="169.5" y="320" as="targetPoint" />
          </mxGeometry>
        </mxCell>
        <mxCell id="i1QhJDP2nwD9nP3L7Vry-20" value="Solcitar pago" style="edgeLabel;resizable=0;html=1;;align=center;verticalAlign=middle;" parent="i1QhJDP2nwD9nP3L7Vry-19" connectable="0" vertex="1">
          <mxGeometry relative="1" as="geometry" />
        </mxCell>
        <mxCell id="i1QhJDP2nwD9nP3L7Vry-21" value="" style="endArrow=classic;html=1;rounded=0;" parent="CIjhQccWKdnaUPjUCXqt-50" edge="1">
          <mxGeometry relative="1" as="geometry">
            <mxPoint x="-250.67647058823536" y="370" as="sourcePoint" />
            <mxPoint x="169.5" y="370" as="targetPoint" />
          </mxGeometry>
        </mxCell>
        <mxCell id="i1QhJDP2nwD9nP3L7Vry-22" value="Metodo de pago" style="edgeLabel;resizable=0;html=1;;align=center;verticalAlign=middle;" parent="i1QhJDP2nwD9nP3L7Vry-21" connectable="0" vertex="1">
          <mxGeometry relative="1" as="geometry" />
        </mxCell>
        <mxCell id="i1QhJDP2nwD9nP3L7Vry-32" value="Pago exitoso" style="html=1;verticalAlign=bottom;endArrow=open;dashed=1;endSize=8;curved=0;rounded=0;entryX=0.5;entryY=0.707;entryDx=0;entryDy=0;entryPerimeter=0;" parent="CIjhQccWKdnaUPjUCXqt-50" edge="1">
          <mxGeometry relative="1" as="geometry">
            <mxPoint x="290" y="464" as="sourcePoint" />
            <mxPoint x="-250" y="464" as="targetPoint" />
          </mxGeometry>
        </mxCell>
        <mxCell id="i1QhJDP2nwD9nP3L7Vry-33" value="" style="endArrow=classic;html=1;rounded=0;" parent="CIjhQccWKdnaUPjUCXqt-50" edge="1">
          <mxGeometry relative="1" as="geometry">
            <mxPoint x="-400" y="490" as="sourcePoint" />
            <mxPoint x="170" y="490" as="targetPoint" />
          </mxGeometry>
        </mxCell>
        <mxCell id="i1QhJDP2nwD9nP3L7Vry-34" value="Confirmar&amp;nbsp; y verificacion de la Orden" style="edgeLabel;resizable=0;html=1;;align=center;verticalAlign=middle;" parent="i1QhJDP2nwD9nP3L7Vry-33" connectable="0" vertex="1">
          <mxGeometry relative="1" as="geometry" />
        </mxCell>
        <mxCell id="i1QhJDP2nwD9nP3L7Vry-54" value="Estado del envio" style="html=1;verticalAlign=bottom;endArrow=open;dashed=1;endSize=8;curved=0;rounded=0;" parent="CIjhQccWKdnaUPjUCXqt-50" edge="1">
          <mxGeometry relative="1" as="geometry">
            <mxPoint x="409" y="590" as="sourcePoint" />
            <mxPoint x="-530" y="590" as="targetPoint" />
          </mxGeometry>
        </mxCell>
        <mxCell id="i1QhJDP2nwD9nP3L7Vry-84" value="" style="html=1;points=[[0,0,0,0,5],[0,1,0,0,-5],[1,0,0,0,5],[1,1,0,0,-5]];perimeter=orthogonalPerimeter;outlineConnect=0;targetShapes=umlLifeline;portConstraint=eastwest;newEdgeStyle={&quot;curved&quot;:0,&quot;rounded&quot;:0};" parent="CIjhQccWKdnaUPjUCXqt-50" vertex="1">
          <mxGeometry x="45" y="510" width="10" height="30" as="geometry" />
        </mxCell>
        <mxCell id="i1QhJDP2nwD9nP3L7Vry-85" value="" style="html=1;points=[[0,0,0,0,5],[0,1,0,0,-5],[1,0,0,0,5],[1,1,0,0,-5]];perimeter=orthogonalPerimeter;outlineConnect=0;targetShapes=umlLifeline;portConstraint=eastwest;newEdgeStyle={&quot;curved&quot;:0,&quot;rounded&quot;:0};" parent="CIjhQccWKdnaUPjUCXqt-50" vertex="1">
          <mxGeometry x="45" y="90" width="10" height="30" as="geometry" />
        </mxCell>
        <mxCell id="i1QhJDP2nwD9nP3L7Vry-36" value="Recibo de la compra" style="html=1;verticalAlign=bottom;endArrow=open;dashed=1;endSize=8;curved=0;rounded=0;" parent="CIjhQccWKdnaUPjUCXqt-50" edge="1">
          <mxGeometry relative="1" as="geometry">
            <mxPoint x="290" y="550" as="sourcePoint" />
            <mxPoint x="-397.5" y="550" as="targetPoint" />
          </mxGeometry>
        </mxCell>
        <mxCell id="i1QhJDP2nwD9nP3L7Vry-14" value="" style="endArrow=classic;html=1;rounded=0;" parent="1" source="i1QhJDP2nwD9nP3L7Vry-76" target="CIjhQccWKdnaUPjUCXqt-50" edge="1">
          <mxGeometry relative="1" as="geometry">
            <mxPoint x="690" y="409.5" as="sourcePoint" />
            <mxPoint x="790" y="409.5" as="targetPoint" />
          </mxGeometry>
        </mxCell>
        <mxCell id="i1QhJDP2nwD9nP3L7Vry-18" value="Sist.compra" style="shape=umlLifeline;perimeter=lifelinePerimeter;whiteSpace=wrap;html=1;container=1;collapsible=0;recursiveResize=0;outlineConnect=0;rounded=1;shadow=0;comic=0;labelBackgroundColor=none;strokeWidth=1;fontFamily=Verdana;fontSize=12;align=center;" parent="1" vertex="1">
          <mxGeometry x="1060" y="130" width="100" height="680" as="geometry" />
        </mxCell>
        <mxCell id="i1QhJDP2nwD9nP3L7Vry-27" value="" style="endArrow=classic;html=1;rounded=0;" parent="i1QhJDP2nwD9nP3L7Vry-18" edge="1">
          <mxGeometry relative="1" as="geometry">
            <mxPoint x="50" y="390" as="sourcePoint" />
            <mxPoint x="170" y="390" as="targetPoint" />
          </mxGeometry>
        </mxCell>
        <mxCell id="i1QhJDP2nwD9nP3L7Vry-28" value="Debito" style="edgeLabel;resizable=0;html=1;;align=center;verticalAlign=middle;" parent="i1QhJDP2nwD9nP3L7Vry-27" connectable="0" vertex="1">
          <mxGeometry relative="1" as="geometry" />
        </mxCell>
        <mxCell id="i1QhJDP2nwD9nP3L7Vry-24" value="" style="endArrow=classic;html=1;rounded=0;" parent="i1QhJDP2nwD9nP3L7Vry-18" edge="1">
          <mxGeometry relative="1" as="geometry">
            <mxPoint x="50" y="350" as="sourcePoint" />
            <mxPoint x="169.5" y="350" as="targetPoint" />
            <Array as="points">
              <mxPoint x="70" y="350" />
            </Array>
          </mxGeometry>
        </mxCell>
        <mxCell id="i1QhJDP2nwD9nP3L7Vry-25" value="Credito" style="edgeLabel;resizable=0;html=1;;align=center;verticalAlign=middle;" parent="i1QhJDP2nwD9nP3L7Vry-24" connectable="0" vertex="1">
          <mxGeometry relative="1" as="geometry" />
        </mxCell>
        <mxCell id="i1QhJDP2nwD9nP3L7Vry-29" value="" style="endArrow=classic;html=1;rounded=0;" parent="i1QhJDP2nwD9nP3L7Vry-18" edge="1">
          <mxGeometry relative="1" as="geometry">
            <mxPoint x="-517.3333333333333" y="430" as="sourcePoint" />
            <mxPoint x="169.5" y="430" as="targetPoint" />
          </mxGeometry>
        </mxCell>
        <mxCell id="i1QhJDP2nwD9nP3L7Vry-30" value="Confirmar pago" style="edgeLabel;resizable=0;html=1;;align=center;verticalAlign=middle;" parent="i1QhJDP2nwD9nP3L7Vry-29" connectable="0" vertex="1">
          <mxGeometry relative="1" as="geometry" />
        </mxCell>
        <mxCell id="i1QhJDP2nwD9nP3L7Vry-31" value="Autorizacion de pago" style="html=1;verticalAlign=bottom;endArrow=open;dashed=1;endSize=8;curved=0;rounded=0;" parent="i1QhJDP2nwD9nP3L7Vry-18" target="CIjhQccWKdnaUPjUCXqt-1" edge="1">
          <mxGeometry relative="1" as="geometry">
            <mxPoint x="170" y="410" as="sourcePoint" />
            <mxPoint x="-510.0033333333333" y="410" as="targetPoint" />
          </mxGeometry>
        </mxCell>
        <mxCell id="i1QhJDP2nwD9nP3L7Vry-35" value="Orden lista" style="html=1;verticalAlign=bottom;endArrow=open;dashed=1;endSize=8;curved=0;rounded=0;" parent="i1QhJDP2nwD9nP3L7Vry-18" edge="1">
          <mxGeometry relative="1" as="geometry">
            <mxPoint x="50" y="520" as="sourcePoint" />
            <mxPoint x="-70" y="520.4200000000001" as="targetPoint" />
          </mxGeometry>
        </mxCell>
        <mxCell id="i1QhJDP2nwD9nP3L7Vry-51" value="Seguimineto del envio" style="html=1;verticalAlign=bottom;endArrow=open;dashed=1;endSize=8;curved=0;rounded=0;" parent="i1QhJDP2nwD9nP3L7Vry-18" target="i1QhJDP2nwD9nP3L7Vry-39" edge="1">
          <mxGeometry relative="1" as="geometry">
            <mxPoint x="288" y="620" as="sourcePoint" />
            <mxPoint x="-400" y="620" as="targetPoint" />
          </mxGeometry>
        </mxCell>
        <mxCell id="i1QhJDP2nwD9nP3L7Vry-83" value="" style="html=1;points=[[0,0,0,0,5],[0,1,0,0,-5],[1,0,0,0,5],[1,1,0,0,-5]];perimeter=orthogonalPerimeter;outlineConnect=0;targetShapes=umlLifeline;portConstraint=eastwest;newEdgeStyle={&quot;curved&quot;:0,&quot;rounded&quot;:0};" parent="i1QhJDP2nwD9nP3L7Vry-18" vertex="1">
          <mxGeometry x="45" y="480" width="10" height="30" as="geometry" />
        </mxCell>
        <mxCell id="i1QhJDP2nwD9nP3L7Vry-39" value="Usuario" style="shape=umlLifeline;perimeter=lifelinePerimeter;whiteSpace=wrap;html=1;container=1;collapsible=0;recursiveResize=0;outlineConnect=0;rounded=1;shadow=0;comic=0;labelBackgroundColor=none;strokeWidth=1;fontFamily=Verdana;fontSize=12;align=center;" parent="1" vertex="1">
          <mxGeometry x="350" y="130" width="120" height="690" as="geometry" />
        </mxCell>
        <mxCell id="i1QhJDP2nwD9nP3L7Vry-44" value="" style="endArrow=classic;html=1;rounded=0;" parent="i1QhJDP2nwD9nP3L7Vry-39" target="i1QhJDP2nwD9nP3L7Vry-39" edge="1">
          <mxGeometry relative="1" as="geometry">
            <mxPoint x="-90" y="180" as="sourcePoint" />
            <mxPoint x="50" y="180" as="targetPoint" />
            <Array as="points" />
          </mxGeometry>
        </mxCell>
        <mxCell id="i1QhJDP2nwD9nP3L7Vry-45" value="Iniciar sesion" style="edgeLabel;resizable=0;html=1;;align=center;verticalAlign=middle;" parent="i1QhJDP2nwD9nP3L7Vry-44" connectable="0" vertex="1">
          <mxGeometry relative="1" as="geometry">
            <mxPoint x="-1" as="offset" />
          </mxGeometry>
        </mxCell>
        <mxCell id="i1QhJDP2nwD9nP3L7Vry-40" value="" style="endArrow=classic;html=1;rounded=0;" parent="i1QhJDP2nwD9nP3L7Vry-39" target="i1QhJDP2nwD9nP3L7Vry-39" edge="1">
          <mxGeometry relative="1" as="geometry">
            <mxPoint x="-90" y="90" as="sourcePoint" />
            <mxPoint x="50" y="90" as="targetPoint" />
            <Array as="points">
              <mxPoint x="-12" y="90" />
            </Array>
          </mxGeometry>
        </mxCell>
        <mxCell id="i1QhJDP2nwD9nP3L7Vry-41" value="Crear cuenta" style="edgeLabel;resizable=0;html=1;;align=center;verticalAlign=middle;" parent="i1QhJDP2nwD9nP3L7Vry-40" connectable="0" vertex="1">
          <mxGeometry relative="1" as="geometry">
            <mxPoint x="-1" as="offset" />
          </mxGeometry>
        </mxCell>
        <mxCell id="i1QhJDP2nwD9nP3L7Vry-43" value="Cuenta creada con exito" style="text;html=1;align=center;verticalAlign=middle;resizable=0;points=[];autosize=1;strokeColor=none;fillColor=none;" parent="i1QhJDP2nwD9nP3L7Vry-39" vertex="1">
          <mxGeometry x="-90" y="110" width="150" height="30" as="geometry" />
        </mxCell>
        <mxCell id="i1QhJDP2nwD9nP3L7Vry-42" value="" style="html=1;verticalAlign=bottom;endArrow=open;dashed=1;endSize=8;curved=0;rounded=0;" parent="i1QhJDP2nwD9nP3L7Vry-39" edge="1">
          <mxGeometry relative="1" as="geometry">
            <mxPoint x="50" y="140" as="sourcePoint" />
            <mxPoint x="-90" y="140" as="targetPoint" />
            <Array as="points">
              <mxPoint x="-13.5" y="140" />
            </Array>
          </mxGeometry>
        </mxCell>
        <mxCell id="i1QhJDP2nwD9nP3L7Vry-53" value="Salir del sistema" style="text;html=1;align=center;verticalAlign=middle;resizable=0;points=[];autosize=1;strokeColor=none;fillColor=none;" parent="i1QhJDP2nwD9nP3L7Vry-39" vertex="1">
          <mxGeometry x="10" y="650" width="110" height="30" as="geometry" />
        </mxCell>
        <mxCell id="i1QhJDP2nwD9nP3L7Vry-61" value="" style="html=1;points=[[0,0,0,0,5],[0,1,0,0,-5],[1,0,0,0,5],[1,1,0,0,-5]];perimeter=orthogonalPerimeter;outlineConnect=0;targetShapes=umlLifeline;portConstraint=eastwest;newEdgeStyle={&quot;curved&quot;:0,&quot;rounded&quot;:0};" parent="i1QhJDP2nwD9nP3L7Vry-39" vertex="1">
          <mxGeometry x="55" y="80" width="10" height="20" as="geometry" />
        </mxCell>
        <mxCell id="i1QhJDP2nwD9nP3L7Vry-62" value="" style="html=1;points=[[0,0,0,0,5],[0,1,0,0,-5],[1,0,0,0,5],[1,1,0,0,-5]];perimeter=orthogonalPerimeter;outlineConnect=0;targetShapes=umlLifeline;portConstraint=eastwest;newEdgeStyle={&quot;curved&quot;:0,&quot;rounded&quot;:0};" parent="i1QhJDP2nwD9nP3L7Vry-39" vertex="1">
          <mxGeometry x="55" y="170" width="10" height="20" as="geometry" />
        </mxCell>
        <mxCell id="i1QhJDP2nwD9nP3L7Vry-65" value="" style="html=1;points=[[0,0,0,0,5],[0,1,0,0,-5],[1,0,0,0,5],[1,1,0,0,-5]];perimeter=orthogonalPerimeter;outlineConnect=0;targetShapes=umlLifeline;portConstraint=eastwest;newEdgeStyle={&quot;curved&quot;:0,&quot;rounded&quot;:0};" parent="i1QhJDP2nwD9nP3L7Vry-39" vertex="1">
          <mxGeometry x="55" y="560" width="10" height="80" as="geometry" />
        </mxCell>
        <mxCell id="i1QhJDP2nwD9nP3L7Vry-46" value="Invitado" style="shape=umlLifeline;perimeter=lifelinePerimeter;whiteSpace=wrap;html=1;container=1;collapsible=0;recursiveResize=0;outlineConnect=0;rounded=1;shadow=0;comic=0;labelBackgroundColor=none;strokeWidth=1;fontFamily=Verdana;fontSize=12;align=center;" parent="1" vertex="1">
          <mxGeometry x="210" y="130" width="100" height="690" as="geometry" />
        </mxCell>
        <mxCell id="i1QhJDP2nwD9nP3L7Vry-55" value="" style="html=1;points=[[0,0,0,0,5],[0,1,0,0,-5],[1,0,0,0,5],[1,1,0,0,-5]];perimeter=orthogonalPerimeter;outlineConnect=0;targetShapes=umlLifeline;portConstraint=eastwest;newEdgeStyle={&quot;curved&quot;:0,&quot;rounded&quot;:0};" parent="i1QhJDP2nwD9nP3L7Vry-46" vertex="1">
          <mxGeometry x="45" y="120" width="10" height="30" as="geometry" />
        </mxCell>
        <mxCell id="i1QhJDP2nwD9nP3L7Vry-66" value="" style="html=1;points=[[0,0,0,0,5],[0,1,0,0,-5],[1,0,0,0,5],[1,1,0,0,-5]];perimeter=orthogonalPerimeter;outlineConnect=0;targetShapes=umlLifeline;portConstraint=eastwest;newEdgeStyle={&quot;curved&quot;:0,&quot;rounded&quot;:0};" parent="i1QhJDP2nwD9nP3L7Vry-46" vertex="1">
          <mxGeometry x="45" y="650" width="10" height="30" as="geometry" />
        </mxCell>
        <mxCell id="i1QhJDP2nwD9nP3L7Vry-49" value="" style="endArrow=classic;html=1;rounded=0;" parent="1" edge="1">
          <mxGeometry relative="1" as="geometry">
            <mxPoint x="410" y="190" as="sourcePoint" />
            <mxPoint x="542.5" y="190" as="targetPoint" />
          </mxGeometry>
        </mxCell>
        <mxCell id="i1QhJDP2nwD9nP3L7Vry-50" value="Entrar al sistema" style="edgeLabel;resizable=0;html=1;;align=center;verticalAlign=middle;" parent="i1QhJDP2nwD9nP3L7Vry-49" connectable="0" vertex="1">
          <mxGeometry relative="1" as="geometry" />
        </mxCell>
        <mxCell id="i1QhJDP2nwD9nP3L7Vry-52" value="" style="html=1;verticalAlign=bottom;endArrow=open;dashed=1;endSize=8;curved=0;rounded=0;" parent="1" target="i1QhJDP2nwD9nP3L7Vry-46" edge="1">
          <mxGeometry relative="1" as="geometry">
            <mxPoint x="540" y="798.5699999999999" as="sourcePoint" />
            <mxPoint x="400" y="798.5699999999999" as="targetPoint" />
            <Array as="points">
              <mxPoint x="476.5" y="798.5699999999999" />
            </Array>
          </mxGeometry>
        </mxCell>
        <mxCell id="i1QhJDP2nwD9nP3L7Vry-64" value="" style="html=1;points=[[0,0,0,0,5],[0,1,0,0,-5],[1,0,0,0,5],[1,1,0,0,-5]];perimeter=orthogonalPerimeter;outlineConnect=0;targetShapes=umlLifeline;portConstraint=eastwest;newEdgeStyle={&quot;curved&quot;:0,&quot;rounded&quot;:0};" parent="1" vertex="1">
          <mxGeometry x="538" y="180" width="10" height="20" as="geometry" />
        </mxCell>
        <mxCell id="i1QhJDP2nwD9nP3L7Vry-67" value="" style="html=1;points=[[0,0,0,0,5],[0,1,0,0,-5],[1,0,0,0,5],[1,1,0,0,-5]];perimeter=orthogonalPerimeter;outlineConnect=0;targetShapes=umlLifeline;portConstraint=eastwest;newEdgeStyle={&quot;curved&quot;:0,&quot;rounded&quot;:0};" parent="1" vertex="1">
          <mxGeometry x="538" y="670" width="10" height="30" as="geometry" />
        </mxCell>
        <mxCell id="i1QhJDP2nwD9nP3L7Vry-68" value="" style="html=1;points=[[0,0,0,0,5],[0,1,0,0,-5],[1,0,0,0,5],[1,1,0,0,-5]];perimeter=orthogonalPerimeter;outlineConnect=0;targetShapes=umlLifeline;portConstraint=eastwest;newEdgeStyle={&quot;curved&quot;:0,&quot;rounded&quot;:0};" parent="1" vertex="1">
          <mxGeometry x="685" y="579" width="10" height="30" as="geometry" />
        </mxCell>
        <mxCell id="i1QhJDP2nwD9nP3L7Vry-71" value="" style="html=1;points=[[0,0,0,0,5],[0,1,0,0,-5],[1,0,0,0,5],[1,1,0,0,-5]];perimeter=orthogonalPerimeter;outlineConnect=0;targetShapes=umlLifeline;portConstraint=eastwest;newEdgeStyle={&quot;curved&quot;:0,&quot;rounded&quot;:0};" parent="1" vertex="1">
          <mxGeometry x="538" y="260" width="10" height="30" as="geometry" />
        </mxCell>
        <mxCell id="i1QhJDP2nwD9nP3L7Vry-72" value="" style="html=1;points=[[0,0,0,0,5],[0,1,0,0,-5],[1,0,0,0,5],[1,1,0,0,-5]];perimeter=orthogonalPerimeter;outlineConnect=0;targetShapes=umlLifeline;portConstraint=eastwest;newEdgeStyle={&quot;curved&quot;:0,&quot;rounded&quot;:0};" parent="1" vertex="1">
          <mxGeometry x="685" y="190" width="10" height="30" as="geometry" />
        </mxCell>
        <mxCell id="i1QhJDP2nwD9nP3L7Vry-73" value="" style="html=1;points=[[0,0,0,0,5],[0,1,0,0,-5],[1,0,0,0,5],[1,1,0,0,-5]];perimeter=orthogonalPerimeter;outlineConnect=0;targetShapes=umlLifeline;portConstraint=eastwest;newEdgeStyle={&quot;curved&quot;:0,&quot;rounded&quot;:0};" parent="1" vertex="1">
          <mxGeometry x="840" y="310" width="10" height="80" as="geometry" />
        </mxCell>
        <mxCell id="i1QhJDP2nwD9nP3L7Vry-75" value="" style="html=1;verticalAlign=bottom;endArrow=open;dashed=1;endSize=8;curved=0;rounded=0;" parent="1" target="i1QhJDP2nwD9nP3L7Vry-74" edge="1">
          <mxGeometry relative="1" as="geometry">
            <mxPoint x="842.25" y="350" as="sourcePoint" />
            <mxPoint x="537.75" y="350" as="targetPoint" />
            <Array as="points">
              <mxPoint x="817.75" y="350" />
              <mxPoint x="720.93" y="350" />
            </Array>
          </mxGeometry>
        </mxCell>
        <mxCell id="i1QhJDP2nwD9nP3L7Vry-74" value="" style="html=1;points=[[0,0,0,0,5],[0,1,0,0,-5],[1,0,0,0,5],[1,1,0,0,-5]];perimeter=orthogonalPerimeter;outlineConnect=0;targetShapes=umlLifeline;portConstraint=eastwest;newEdgeStyle={&quot;curved&quot;:0,&quot;rounded&quot;:0};" parent="1" vertex="1">
          <mxGeometry x="538" y="335" width="10" height="30" as="geometry" />
        </mxCell>
        <mxCell id="i1QhJDP2nwD9nP3L7Vry-77" value="" style="endArrow=classic;html=1;rounded=0;" parent="1" target="i1QhJDP2nwD9nP3L7Vry-76" edge="1">
          <mxGeometry relative="1" as="geometry">
            <mxPoint x="690" y="409.5" as="sourcePoint" />
            <mxPoint x="990" y="410" as="targetPoint" />
          </mxGeometry>
        </mxCell>
        <mxCell id="i1QhJDP2nwD9nP3L7Vry-78" value="Generar orden" style="edgeLabel;resizable=0;html=1;;align=center;verticalAlign=middle;" parent="i1QhJDP2nwD9nP3L7Vry-77" connectable="0" vertex="1">
          <mxGeometry relative="1" as="geometry" />
        </mxCell>
        <mxCell id="i1QhJDP2nwD9nP3L7Vry-76" value="" style="html=1;points=[[0,0,0,0,5],[0,1,0,0,-5],[1,0,0,0,5],[1,1,0,0,-5]];perimeter=orthogonalPerimeter;outlineConnect=0;targetShapes=umlLifeline;portConstraint=eastwest;newEdgeStyle={&quot;curved&quot;:0,&quot;rounded&quot;:0};" parent="1" vertex="1">
          <mxGeometry x="985" y="400" width="10" height="30" as="geometry" />
        </mxCell>
        <mxCell id="i1QhJDP2nwD9nP3L7Vry-79" value="" style="html=1;points=[[0,0,0,0,5],[0,1,0,0,-5],[1,0,0,0,5],[1,1,0,0,-5]];perimeter=orthogonalPerimeter;outlineConnect=0;targetShapes=umlLifeline;portConstraint=eastwest;newEdgeStyle={&quot;curved&quot;:0,&quot;rounded&quot;:0};" parent="1" vertex="1">
          <mxGeometry x="840" y="420" width="10" height="30" as="geometry" />
        </mxCell>
        <mxCell id="i1QhJDP2nwD9nP3L7Vry-86" value="" style="endArrow=classic;html=1;rounded=0;" parent="1" edge="1">
          <mxGeometry relative="1" as="geometry">
            <mxPoint x="548" y="700" as="sourcePoint" />
            <mxPoint x="989.5" y="700" as="targetPoint" />
          </mxGeometry>
        </mxCell>
        <mxCell id="i1QhJDP2nwD9nP3L7Vry-87" value="Actualizar stock" style="edgeLabel;resizable=0;html=1;;align=center;verticalAlign=middle;" parent="i1QhJDP2nwD9nP3L7Vry-86" connectable="0" vertex="1">
          <mxGeometry relative="1" as="geometry" />
        </mxCell>
      </root>
    </mxGraphModel>
  </diagram>
</mxfile>
