<?xml version="1.0" encoding="UTF-8"?>
<mxfile host="app.diagrams.net" agent="Mozilla/5.0 (Windows NT 10.0; Win64; x64) AppleWebKit/537.36 (KHTML, like Gecko) Chrome/136.0.0.0 Safari/537.36" version="27.0.9">
  <diagram name="Página-1" id="SGhIp6fK0yG327S8zirc">
    <mxGraphModel dx="1042" dy="527" grid="1" gridSize="10" guides="1" tooltips="1" connect="1" arrows="1" fold="1" page="1" pageScale="1" pageWidth="827" pageHeight="1169" math="0" shadow="0">
      <root>
        <mxCell id="0" />
        <mxCell id="1" parent="0" />
        <mxCell id="Fzu3FfsgM6n0koyYgMPP-1" value="" style="ellipse;fillColor=strokeColor;html=1;" parent="1" vertex="1">
          <mxGeometry x="384.0000000000001" y="90" width="30" height="30" as="geometry" />
        </mxCell>
        <mxCell id="Fzu3FfsgM6n0koyYgMPP-2" value="administrador" style="text;html=1;align=center;verticalAlign=middle;whiteSpace=wrap;rounded=0;" parent="1" vertex="1">
          <mxGeometry x="356.5" y="60" width="85" height="30" as="geometry" />
        </mxCell>
        <mxCell id="Fzu3FfsgM6n0koyYgMPP-4" value="Iniciar sesión" style="rounded=1;whiteSpace=wrap;html=1;" parent="1" vertex="1">
          <mxGeometry x="355.5" y="160" width="86" height="30" as="geometry" />
        </mxCell>
        <mxCell id="Fzu3FfsgM6n0koyYgMPP-5" value="" style="endArrow=classic;html=1;rounded=0;" parent="1" source="Fzu3FfsgM6n0koyYgMPP-1" target="Fzu3FfsgM6n0koyYgMPP-4" edge="1">
          <mxGeometry width="50" height="50" relative="1" as="geometry">
            <mxPoint x="390" y="250" as="sourcePoint" />
            <mxPoint x="440" y="200" as="targetPoint" />
          </mxGeometry>
        </mxCell>
        <mxCell id="Fzu3FfsgM6n0koyYgMPP-6" value="seleccionar accion" style="rhombus;whiteSpace=wrap;html=1;" parent="1" vertex="1">
          <mxGeometry x="354.75" y="210" width="89.5" height="90" as="geometry" />
        </mxCell>
        <mxCell id="Fzu3FfsgM6n0koyYgMPP-7" value="" style="endArrow=classic;html=1;rounded=0;" parent="1" source="Fzu3FfsgM6n0koyYgMPP-4" target="Fzu3FfsgM6n0koyYgMPP-6" edge="1">
          <mxGeometry width="50" height="50" relative="1" as="geometry">
            <mxPoint x="390" y="250" as="sourcePoint" />
            <mxPoint x="440" y="200" as="targetPoint" />
          </mxGeometry>
        </mxCell>
        <mxCell id="Fzu3FfsgM6n0koyYgMPP-11" value="" style="html=1;points=[];perimeter=orthogonalPerimeter;fillColor=strokeColor;rotation=90;" parent="1" vertex="1">
          <mxGeometry x="415" y="-5" width="5" height="710" as="geometry" />
        </mxCell>
        <mxCell id="Fzu3FfsgM6n0koyYgMPP-13" value="" style="endArrow=classic;html=1;rounded=0;" parent="1" edge="1">
          <mxGeometry width="50" height="50" relative="1" as="geometry">
            <mxPoint x="100" y="350" as="sourcePoint" />
            <mxPoint x="100" y="410" as="targetPoint" />
          </mxGeometry>
        </mxCell>
        <mxCell id="Fzu3FfsgM6n0koyYgMPP-14" value="" style="endArrow=classic;html=1;rounded=0;exitX=0.666;exitY=0.524;exitDx=0;exitDy=0;exitPerimeter=0;" parent="1" source="Fzu3FfsgM6n0koyYgMPP-11" target="Fzu3FfsgM6n0koyYgMPP-17" edge="1">
          <mxGeometry width="50" height="50" relative="1" as="geometry">
            <mxPoint x="399.24" y="350" as="sourcePoint" />
            <mxPoint x="399.3" y="410" as="targetPoint" />
          </mxGeometry>
        </mxCell>
        <mxCell id="Fzu3FfsgM6n0koyYgMPP-15" value="" style="endArrow=classic;html=1;rounded=0;exitX=1.34;exitY=0.143;exitDx=0;exitDy=0;exitPerimeter=0;" parent="1" source="Fzu3FfsgM6n0koyYgMPP-11" target="Fzu3FfsgM6n0koyYgMPP-18" edge="1">
          <mxGeometry width="50" height="50" relative="1" as="geometry">
            <mxPoint x="690" y="350" as="sourcePoint" />
            <mxPoint x="690" y="410" as="targetPoint" />
          </mxGeometry>
        </mxCell>
        <mxCell id="Fzu3FfsgM6n0koyYgMPP-16" value="añadir producto" style="rounded=1;whiteSpace=wrap;html=1;" parent="1" vertex="1">
          <mxGeometry x="60" y="410" width="86" height="30" as="geometry" />
        </mxCell>
        <mxCell id="Fzu3FfsgM6n0koyYgMPP-17" value="editar prodcuto" style="rounded=1;whiteSpace=wrap;html=1;" parent="1" vertex="1">
          <mxGeometry x="358.25" y="410" width="86" height="30" as="geometry" />
        </mxCell>
        <mxCell id="Fzu3FfsgM6n0koyYgMPP-18" value="eliminar producto" style="rounded=1;whiteSpace=wrap;html=1;" parent="1" vertex="1">
          <mxGeometry x="628.5" y="410" width="86" height="30" as="geometry" />
        </mxCell>
        <mxCell id="Fzu3FfsgM6n0koyYgMPP-39" style="edgeStyle=orthogonalEdgeStyle;rounded=0;orthogonalLoop=1;jettySize=auto;html=1;exitX=0;exitY=0.5;exitDx=0;exitDy=0;" parent="1" source="Fzu3FfsgM6n0koyYgMPP-19" target="Fzu3FfsgM6n0koyYgMPP-35" edge="1">
          <mxGeometry relative="1" as="geometry" />
        </mxCell>
        <mxCell id="Fzu3FfsgM6n0koyYgMPP-42" value="no" style="edgeLabel;html=1;align=center;verticalAlign=middle;resizable=0;points=[];" parent="Fzu3FfsgM6n0koyYgMPP-39" connectable="0" vertex="1">
          <mxGeometry x="0.1574" y="-1" relative="1" as="geometry">
            <mxPoint as="offset" />
          </mxGeometry>
        </mxCell>
        <mxCell id="Fzu3FfsgM6n0koyYgMPP-40" style="edgeStyle=orthogonalEdgeStyle;rounded=0;orthogonalLoop=1;jettySize=auto;html=1;exitX=1;exitY=0.5;exitDx=0;exitDy=0;" parent="1" source="Fzu3FfsgM6n0koyYgMPP-19" target="Fzu3FfsgM6n0koyYgMPP-38" edge="1">
          <mxGeometry relative="1" as="geometry" />
        </mxCell>
        <mxCell id="Fzu3FfsgM6n0koyYgMPP-41" value="si" style="edgeLabel;html=1;align=center;verticalAlign=middle;resizable=0;points=[];" parent="Fzu3FfsgM6n0koyYgMPP-40" connectable="0" vertex="1">
          <mxGeometry x="0.2007" y="1" relative="1" as="geometry">
            <mxPoint as="offset" />
          </mxGeometry>
        </mxCell>
        <mxCell id="Fzu3FfsgM6n0koyYgMPP-19" value="existe?" style="rhombus;whiteSpace=wrap;html=1;" parent="1" vertex="1">
          <mxGeometry x="371.75" y="460" width="54.5" height="60" as="geometry" />
        </mxCell>
        <mxCell id="Fzu3FfsgM6n0koyYgMPP-45" style="edgeStyle=orthogonalEdgeStyle;rounded=0;orthogonalLoop=1;jettySize=auto;html=1;exitX=0;exitY=0.5;exitDx=0;exitDy=0;" parent="1" source="Fzu3FfsgM6n0koyYgMPP-20" target="Fzu3FfsgM6n0koyYgMPP-44" edge="1">
          <mxGeometry relative="1" as="geometry" />
        </mxCell>
        <mxCell id="Fzu3FfsgM6n0koyYgMPP-48" value="si" style="edgeLabel;html=1;align=center;verticalAlign=middle;resizable=0;points=[];" parent="Fzu3FfsgM6n0koyYgMPP-45" connectable="0" vertex="1">
          <mxGeometry x="0.0797" y="1" relative="1" as="geometry">
            <mxPoint as="offset" />
          </mxGeometry>
        </mxCell>
        <mxCell id="Fzu3FfsgM6n0koyYgMPP-46" style="edgeStyle=orthogonalEdgeStyle;rounded=0;orthogonalLoop=1;jettySize=auto;html=1;exitX=1;exitY=0.5;exitDx=0;exitDy=0;" parent="1" source="Fzu3FfsgM6n0koyYgMPP-20" target="Fzu3FfsgM6n0koyYgMPP-36" edge="1">
          <mxGeometry relative="1" as="geometry" />
        </mxCell>
        <mxCell id="Fzu3FfsgM6n0koyYgMPP-47" value="no" style="edgeLabel;html=1;align=center;verticalAlign=middle;resizable=0;points=[];" parent="Fzu3FfsgM6n0koyYgMPP-46" connectable="0" vertex="1">
          <mxGeometry x="0.182" y="1" relative="1" as="geometry">
            <mxPoint as="offset" />
          </mxGeometry>
        </mxCell>
        <mxCell id="Fzu3FfsgM6n0koyYgMPP-20" value="existe?" style="rhombus;whiteSpace=wrap;html=1;" parent="1" vertex="1">
          <mxGeometry x="644.25" y="470" width="54.5" height="60" as="geometry" />
        </mxCell>
        <mxCell id="Fzu3FfsgM6n0koyYgMPP-30" style="edgeStyle=orthogonalEdgeStyle;rounded=0;orthogonalLoop=1;jettySize=auto;html=1;exitX=1;exitY=0.5;exitDx=0;exitDy=0;" parent="1" source="Fzu3FfsgM6n0koyYgMPP-21" target="Fzu3FfsgM6n0koyYgMPP-28" edge="1">
          <mxGeometry relative="1" as="geometry" />
        </mxCell>
        <mxCell id="Fzu3FfsgM6n0koyYgMPP-32" value="no" style="edgeLabel;html=1;align=center;verticalAlign=middle;resizable=0;points=[];" parent="Fzu3FfsgM6n0koyYgMPP-30" connectable="0" vertex="1">
          <mxGeometry x="-0.0439" y="1" relative="1" as="geometry">
            <mxPoint as="offset" />
          </mxGeometry>
        </mxCell>
        <mxCell id="Fzu3FfsgM6n0koyYgMPP-31" style="edgeStyle=orthogonalEdgeStyle;rounded=0;orthogonalLoop=1;jettySize=auto;html=1;exitX=0;exitY=0.5;exitDx=0;exitDy=0;entryX=0.5;entryY=0;entryDx=0;entryDy=0;" parent="1" source="Fzu3FfsgM6n0koyYgMPP-21" target="Fzu3FfsgM6n0koyYgMPP-29" edge="1">
          <mxGeometry relative="1" as="geometry" />
        </mxCell>
        <mxCell id="Fzu3FfsgM6n0koyYgMPP-33" value="si" style="edgeLabel;html=1;align=center;verticalAlign=middle;resizable=0;points=[];" parent="Fzu3FfsgM6n0koyYgMPP-31" connectable="0" vertex="1">
          <mxGeometry x="-0.0165" relative="1" as="geometry">
            <mxPoint as="offset" />
          </mxGeometry>
        </mxCell>
        <mxCell id="Fzu3FfsgM6n0koyYgMPP-21" value="existe?" style="rhombus;whiteSpace=wrap;html=1;" parent="1" vertex="1">
          <mxGeometry x="75.75" y="470" width="54.5" height="60" as="geometry" />
        </mxCell>
        <mxCell id="Fzu3FfsgM6n0koyYgMPP-22" value="" style="endArrow=classic;html=1;rounded=0;" parent="1" source="Fzu3FfsgM6n0koyYgMPP-16" target="Fzu3FfsgM6n0koyYgMPP-21" edge="1">
          <mxGeometry width="50" height="50" relative="1" as="geometry">
            <mxPoint x="190" y="480" as="sourcePoint" />
            <mxPoint x="190" y="540" as="targetPoint" />
          </mxGeometry>
        </mxCell>
        <mxCell id="Fzu3FfsgM6n0koyYgMPP-23" value="" style="endArrow=classic;html=1;rounded=0;" parent="1" source="Fzu3FfsgM6n0koyYgMPP-17" target="Fzu3FfsgM6n0koyYgMPP-19" edge="1">
          <mxGeometry width="50" height="50" relative="1" as="geometry">
            <mxPoint x="310" y="490" as="sourcePoint" />
            <mxPoint x="310" y="550" as="targetPoint" />
          </mxGeometry>
        </mxCell>
        <mxCell id="Fzu3FfsgM6n0koyYgMPP-24" value="" style="endArrow=classic;html=1;rounded=0;" parent="1" source="Fzu3FfsgM6n0koyYgMPP-18" target="Fzu3FfsgM6n0koyYgMPP-20" edge="1">
          <mxGeometry width="50" height="50" relative="1" as="geometry">
            <mxPoint x="640" y="520" as="sourcePoint" />
            <mxPoint x="640" y="580" as="targetPoint" />
          </mxGeometry>
        </mxCell>
        <mxCell id="Fzu3FfsgM6n0koyYgMPP-25" value="" style="endArrow=none;html=1;rounded=0;entryX=0.762;entryY=0.524;entryDx=0;entryDy=0;entryPerimeter=0;" parent="1" source="Fzu3FfsgM6n0koyYgMPP-6" target="Fzu3FfsgM6n0koyYgMPP-11" edge="1">
          <mxGeometry width="50" height="50" relative="1" as="geometry">
            <mxPoint x="290" y="410.0000000000001" as="sourcePoint" />
            <mxPoint x="400" y="350" as="targetPoint" />
          </mxGeometry>
        </mxCell>
        <mxCell id="Fzu3FfsgM6n0koyYgMPP-51" style="edgeStyle=orthogonalEdgeStyle;rounded=0;orthogonalLoop=1;jettySize=auto;html=1;exitX=0.5;exitY=1;exitDx=0;exitDy=0;" parent="1" source="Fzu3FfsgM6n0koyYgMPP-28" target="Fzu3FfsgM6n0koyYgMPP-50" edge="1">
          <mxGeometry relative="1" as="geometry">
            <Array as="points">
              <mxPoint x="163" y="665" />
            </Array>
          </mxGeometry>
        </mxCell>
        <mxCell id="Fzu3FfsgM6n0koyYgMPP-28" value="agregar producto" style="rounded=1;whiteSpace=wrap;html=1;" parent="1" vertex="1">
          <mxGeometry x="120" y="555" width="86" height="30" as="geometry" />
        </mxCell>
        <mxCell id="Fzu3FfsgM6n0koyYgMPP-34" style="edgeStyle=orthogonalEdgeStyle;rounded=0;orthogonalLoop=1;jettySize=auto;html=1;exitX=0;exitY=0.5;exitDx=0;exitDy=0;" parent="1" source="Fzu3FfsgM6n0koyYgMPP-29" target="Fzu3FfsgM6n0koyYgMPP-6" edge="1">
          <mxGeometry relative="1" as="geometry">
            <Array as="points">
              <mxPoint x="30" y="570" />
              <mxPoint x="30" y="250" />
            </Array>
          </mxGeometry>
        </mxCell>
        <mxCell id="Fzu3FfsgM6n0koyYgMPP-29" value="notificar error" style="rounded=1;whiteSpace=wrap;html=1;" parent="1" vertex="1">
          <mxGeometry x="20" y="555" width="66" height="30" as="geometry" />
        </mxCell>
        <mxCell id="Fzu3FfsgM6n0koyYgMPP-43" style="edgeStyle=orthogonalEdgeStyle;rounded=0;orthogonalLoop=1;jettySize=auto;html=1;exitX=0;exitY=0.5;exitDx=0;exitDy=0;" parent="1" source="Fzu3FfsgM6n0koyYgMPP-35" target="Fzu3FfsgM6n0koyYgMPP-6" edge="1">
          <mxGeometry relative="1" as="geometry">
            <Array as="points">
              <mxPoint x="280" y="570" />
              <mxPoint x="280" y="290" />
            </Array>
          </mxGeometry>
        </mxCell>
        <mxCell id="Fzu3FfsgM6n0koyYgMPP-35" value="notificar error" style="rounded=1;whiteSpace=wrap;html=1;" parent="1" vertex="1">
          <mxGeometry x="300" y="554.5" width="66" height="30" as="geometry" />
        </mxCell>
        <mxCell id="Fzu3FfsgM6n0koyYgMPP-49" style="edgeStyle=orthogonalEdgeStyle;rounded=0;orthogonalLoop=1;jettySize=auto;html=1;exitX=1;exitY=0.5;exitDx=0;exitDy=0;entryX=1;entryY=0.5;entryDx=0;entryDy=0;" parent="1" source="Fzu3FfsgM6n0koyYgMPP-36" target="Fzu3FfsgM6n0koyYgMPP-6" edge="1">
          <mxGeometry relative="1" as="geometry" />
        </mxCell>
        <mxCell id="Fzu3FfsgM6n0koyYgMPP-36" value="notificar error" style="rounded=1;whiteSpace=wrap;html=1;" parent="1" vertex="1">
          <mxGeometry x="700" y="555" width="66" height="30" as="geometry" />
        </mxCell>
        <mxCell id="Fzu3FfsgM6n0koyYgMPP-52" style="edgeStyle=orthogonalEdgeStyle;rounded=0;orthogonalLoop=1;jettySize=auto;html=1;" parent="1" source="Fzu3FfsgM6n0koyYgMPP-38" target="Fzu3FfsgM6n0koyYgMPP-50" edge="1">
          <mxGeometry relative="1" as="geometry" />
        </mxCell>
        <mxCell id="Fzu3FfsgM6n0koyYgMPP-38" value="editar producto" style="rounded=1;whiteSpace=wrap;html=1;" parent="1" vertex="1">
          <mxGeometry x="420" y="555" width="86" height="30" as="geometry" />
        </mxCell>
        <mxCell id="Fzu3FfsgM6n0koyYgMPP-53" style="edgeStyle=orthogonalEdgeStyle;rounded=0;orthogonalLoop=1;jettySize=auto;html=1;exitX=0.5;exitY=1;exitDx=0;exitDy=0;" parent="1" source="Fzu3FfsgM6n0koyYgMPP-44" target="Fzu3FfsgM6n0koyYgMPP-50" edge="1">
          <mxGeometry relative="1" as="geometry">
            <Array as="points">
              <mxPoint x="623" y="665" />
            </Array>
          </mxGeometry>
        </mxCell>
        <mxCell id="Fzu3FfsgM6n0koyYgMPP-44" value="eliminar registro" style="rounded=1;whiteSpace=wrap;html=1;" parent="1" vertex="1">
          <mxGeometry x="580" y="555" width="86" height="30" as="geometry" />
        </mxCell>
        <mxCell id="Fzu3FfsgM6n0koyYgMPP-55" style="edgeStyle=orthogonalEdgeStyle;rounded=0;orthogonalLoop=1;jettySize=auto;html=1;" parent="1" source="Fzu3FfsgM6n0koyYgMPP-50" target="Fzu3FfsgM6n0koyYgMPP-54" edge="1">
          <mxGeometry relative="1" as="geometry" />
        </mxCell>
        <mxCell id="Fzu3FfsgM6n0koyYgMPP-50" value="actualizar inventario" style="rounded=1;whiteSpace=wrap;html=1;" parent="1" vertex="1">
          <mxGeometry x="356.5" y="650" width="86" height="30" as="geometry" />
        </mxCell>
        <mxCell id="Fzu3FfsgM6n0koyYgMPP-59" style="edgeStyle=orthogonalEdgeStyle;rounded=0;orthogonalLoop=1;jettySize=auto;html=1;exitX=1;exitY=0.5;exitDx=0;exitDy=0;" parent="1" source="Fzu3FfsgM6n0koyYgMPP-54" target="Fzu3FfsgM6n0koyYgMPP-6" edge="1">
          <mxGeometry relative="1" as="geometry">
            <Array as="points">
              <mxPoint x="810" y="753" />
              <mxPoint x="810" y="230" />
            </Array>
          </mxGeometry>
        </mxCell>
        <mxCell id="Fzu3FfsgM6n0koyYgMPP-61" value="si" style="edgeLabel;html=1;align=center;verticalAlign=middle;resizable=0;points=[];" parent="Fzu3FfsgM6n0koyYgMPP-59" connectable="0" vertex="1">
          <mxGeometry x="-0.9192" y="-2" relative="1" as="geometry">
            <mxPoint x="5" y="-2" as="offset" />
          </mxGeometry>
        </mxCell>
        <mxCell id="Fzu3FfsgM6n0koyYgMPP-54" value="continuar?" style="rhombus;whiteSpace=wrap;html=1;" parent="1" vertex="1">
          <mxGeometry x="365.63" y="720" width="67.75" height="65" as="geometry" />
        </mxCell>
        <mxCell id="Fzu3FfsgM6n0koyYgMPP-56" value="" style="ellipse;html=1;shape=endState;fillColor=strokeColor;" parent="1" vertex="1">
          <mxGeometry x="384" y="830" width="30" height="30" as="geometry" />
        </mxCell>
        <mxCell id="Fzu3FfsgM6n0koyYgMPP-57" style="edgeStyle=orthogonalEdgeStyle;rounded=0;orthogonalLoop=1;jettySize=auto;html=1;" parent="1" source="Fzu3FfsgM6n0koyYgMPP-54" target="Fzu3FfsgM6n0koyYgMPP-56" edge="1">
          <mxGeometry relative="1" as="geometry" />
        </mxCell>
        <mxCell id="Fzu3FfsgM6n0koyYgMPP-58" value="no" style="edgeLabel;html=1;align=center;verticalAlign=middle;resizable=0;points=[];" parent="Fzu3FfsgM6n0koyYgMPP-57" connectable="0" vertex="1">
          <mxGeometry x="-0.1443" y="-1" relative="1" as="geometry">
            <mxPoint as="offset" />
          </mxGeometry>
        </mxCell>
      </root>
    </mxGraphModel>
  </diagram>
</mxfile>
