<?xml version="1.0" encoding="UTF-8"?>
<mxfile host="app.diagrams.net" agent="Mozilla/5.0 (Windows NT 10.0; Win64; x64) AppleWebKit/537.36 (KHTML, like Gecko) Chrome/136.0.0.0 Safari/537.36" version="27.0.9">
  <diagram name="Página-1" id="eDmAgk6Q8jatid1zzHl7">
    <mxGraphModel dx="1042" dy="527" grid="1" gridSize="10" guides="1" tooltips="1" connect="1" arrows="1" fold="1" page="1" pageScale="1" pageWidth="827" pageHeight="1169" math="0" shadow="0">
      <root>
        <mxCell id="0" />
        <mxCell id="1" parent="0" />
        <mxCell id="qTcGBZv1pBpt9COHuiPB-3" style="edgeStyle=orthogonalEdgeStyle;rounded=0;orthogonalLoop=1;jettySize=auto;html=1;exitX=0.5;exitY=1;exitDx=0;exitDy=0;" parent="1" source="qTcGBZv1pBpt9COHuiPB-1" target="qTcGBZv1pBpt9COHuiPB-2" edge="1">
          <mxGeometry relative="1" as="geometry" />
        </mxCell>
        <mxCell id="qTcGBZv1pBpt9COHuiPB-1" value="" style="ellipse;fillColor=strokeColor;html=1;" parent="1" vertex="1">
          <mxGeometry x="100.00000000000011" y="70" width="30" height="30" as="geometry" />
        </mxCell>
        <mxCell id="qTcGBZv1pBpt9COHuiPB-11" style="edgeStyle=orthogonalEdgeStyle;rounded=0;orthogonalLoop=1;jettySize=auto;html=1;exitX=0.5;exitY=1;exitDx=0;exitDy=0;" parent="1" source="qTcGBZv1pBpt9COHuiPB-2" target="qTcGBZv1pBpt9COHuiPB-10" edge="1">
          <mxGeometry relative="1" as="geometry" />
        </mxCell>
        <mxCell id="qTcGBZv1pBpt9COHuiPB-2" value="ingresar busqueda de un prodcuto" style="html=1;align=center;verticalAlign=top;rounded=1;absoluteArcSize=1;arcSize=10;dashed=0;whiteSpace=wrap;" parent="1" vertex="1">
          <mxGeometry x="58.5" y="150" width="113" height="40" as="geometry" />
        </mxCell>
        <mxCell id="qTcGBZv1pBpt9COHuiPB-13" style="edgeStyle=orthogonalEdgeStyle;rounded=0;orthogonalLoop=1;jettySize=auto;html=1;exitX=0.5;exitY=1;exitDx=0;exitDy=0;entryX=0.5;entryY=0;entryDx=0;entryDy=0;" parent="1" source="qTcGBZv1pBpt9COHuiPB-10" target="qTcGBZv1pBpt9COHuiPB-12" edge="1">
          <mxGeometry relative="1" as="geometry" />
        </mxCell>
        <mxCell id="qTcGBZv1pBpt9COHuiPB-14" value="si" style="edgeLabel;html=1;align=center;verticalAlign=middle;resizable=0;points=[];" parent="qTcGBZv1pBpt9COHuiPB-13" connectable="0" vertex="1">
          <mxGeometry x="-0.24" y="-1" relative="1" as="geometry">
            <mxPoint as="offset" />
          </mxGeometry>
        </mxCell>
        <mxCell id="qTcGBZv1pBpt9COHuiPB-16" style="edgeStyle=orthogonalEdgeStyle;rounded=0;orthogonalLoop=1;jettySize=auto;html=1;exitX=1;exitY=0.5;exitDx=0;exitDy=0;entryX=0;entryY=0.5;entryDx=0;entryDy=0;" parent="1" source="qTcGBZv1pBpt9COHuiPB-10" target="qTcGBZv1pBpt9COHuiPB-15" edge="1">
          <mxGeometry relative="1" as="geometry" />
        </mxCell>
        <mxCell id="qTcGBZv1pBpt9COHuiPB-18" value="no" style="edgeLabel;html=1;align=center;verticalAlign=middle;resizable=0;points=[];" parent="qTcGBZv1pBpt9COHuiPB-16" connectable="0" vertex="1">
          <mxGeometry x="-0.269" y="-2" relative="1" as="geometry">
            <mxPoint x="1" as="offset" />
          </mxGeometry>
        </mxCell>
        <mxCell id="qTcGBZv1pBpt9COHuiPB-10" value="producto encontrado?" style="rhombus;whiteSpace=wrap;html=1;" parent="1" vertex="1">
          <mxGeometry x="72.5" y="210" width="85" height="90" as="geometry" />
        </mxCell>
        <mxCell id="qTcGBZv1pBpt9COHuiPB-21" style="rounded=0;orthogonalLoop=1;jettySize=auto;html=1;exitX=1;exitY=0.5;exitDx=0;exitDy=0;" parent="1" source="qTcGBZv1pBpt9COHuiPB-12" target="qTcGBZv1pBpt9COHuiPB-20" edge="1">
          <mxGeometry relative="1" as="geometry" />
        </mxCell>
        <mxCell id="qTcGBZv1pBpt9COHuiPB-12" value="mostrar prodcuto solicitado mas articulos similares" style="html=1;align=center;verticalAlign=top;rounded=1;absoluteArcSize=1;arcSize=10;dashed=0;whiteSpace=wrap;" parent="1" vertex="1">
          <mxGeometry x="54.25" y="350" width="121.5" height="60" as="geometry" />
        </mxCell>
        <mxCell id="qTcGBZv1pBpt9COHuiPB-22" style="edgeStyle=orthogonalEdgeStyle;rounded=0;orthogonalLoop=1;jettySize=auto;html=1;exitX=0.428;exitY=0.983;exitDx=0;exitDy=0;entryX=0.12;entryY=0.36;entryDx=0;entryDy=0;entryPerimeter=0;exitPerimeter=0;" parent="1" source="qTcGBZv1pBpt9COHuiPB-15" target="qTcGBZv1pBpt9COHuiPB-20" edge="1">
          <mxGeometry relative="1" as="geometry" />
        </mxCell>
        <mxCell id="qTcGBZv1pBpt9COHuiPB-15" value="mostrar productos similares y recomendados" style="html=1;align=center;verticalAlign=top;rounded=1;absoluteArcSize=1;arcSize=10;dashed=0;whiteSpace=wrap;" parent="1" vertex="1">
          <mxGeometry x="230" y="225" width="121.5" height="60" as="geometry" />
        </mxCell>
        <mxCell id="qTcGBZv1pBpt9COHuiPB-23" style="edgeStyle=orthogonalEdgeStyle;rounded=0;orthogonalLoop=1;jettySize=auto;html=1;exitX=1;exitY=0.5;exitDx=0;exitDy=0;entryX=1;entryY=0.5;entryDx=0;entryDy=0;" parent="1" source="qTcGBZv1pBpt9COHuiPB-20" target="qTcGBZv1pBpt9COHuiPB-2" edge="1">
          <mxGeometry relative="1" as="geometry" />
        </mxCell>
        <mxCell id="qTcGBZv1pBpt9COHuiPB-24" value="no" style="edgeLabel;html=1;align=center;verticalAlign=middle;resizable=0;points=[];" parent="qTcGBZv1pBpt9COHuiPB-23" connectable="0" vertex="1">
          <mxGeometry x="-0.3706" y="-4" relative="1" as="geometry">
            <mxPoint x="-4" as="offset" />
          </mxGeometry>
        </mxCell>
        <mxCell id="qTcGBZv1pBpt9COHuiPB-27" style="edgeStyle=orthogonalEdgeStyle;rounded=0;orthogonalLoop=1;jettySize=auto;html=1;exitX=0.5;exitY=1;exitDx=0;exitDy=0;entryX=0.5;entryY=0;entryDx=0;entryDy=0;" parent="1" source="qTcGBZv1pBpt9COHuiPB-20" target="qTcGBZv1pBpt9COHuiPB-26" edge="1">
          <mxGeometry relative="1" as="geometry">
            <Array as="points">
              <mxPoint x="320" y="460" />
              <mxPoint x="115" y="460" />
            </Array>
          </mxGeometry>
        </mxCell>
        <mxCell id="qTcGBZv1pBpt9COHuiPB-28" value="&lt;font style=&quot;font-size: 17px;&quot;&gt;si&lt;/font&gt;" style="edgeLabel;html=1;align=center;verticalAlign=middle;resizable=0;points=[];" parent="qTcGBZv1pBpt9COHuiPB-27" connectable="0" vertex="1">
          <mxGeometry x="-0.1081" y="4" relative="1" as="geometry">
            <mxPoint x="-21" y="-4" as="offset" />
          </mxGeometry>
        </mxCell>
        <mxCell id="qTcGBZv1pBpt9COHuiPB-20" value="agregar al carrito?" style="rhombus;whiteSpace=wrap;html=1;" parent="1" vertex="1">
          <mxGeometry x="270" y="330" width="100" height="100" as="geometry" />
        </mxCell>
        <mxCell id="qTcGBZv1pBpt9COHuiPB-30" style="edgeStyle=orthogonalEdgeStyle;rounded=0;orthogonalLoop=1;jettySize=auto;html=1;exitX=0.5;exitY=1;exitDx=0;exitDy=0;" parent="1" source="qTcGBZv1pBpt9COHuiPB-26" target="qTcGBZv1pBpt9COHuiPB-33" edge="1">
          <mxGeometry relative="1" as="geometry">
            <mxPoint x="115" y="570" as="targetPoint" />
          </mxGeometry>
        </mxCell>
        <mxCell id="qTcGBZv1pBpt9COHuiPB-26" value="se anade producto al carrito de compras" style="html=1;align=center;verticalAlign=top;rounded=1;absoluteArcSize=1;arcSize=10;dashed=0;whiteSpace=wrap;" parent="1" vertex="1">
          <mxGeometry x="54.25" y="480" width="121.5" height="50" as="geometry" />
        </mxCell>
        <mxCell id="qTcGBZv1pBpt9COHuiPB-34" style="edgeStyle=orthogonalEdgeStyle;rounded=0;orthogonalLoop=1;jettySize=auto;html=1;exitX=1;exitY=0.5;exitDx=0;exitDy=0;" parent="1" source="qTcGBZv1pBpt9COHuiPB-33" target="qTcGBZv1pBpt9COHuiPB-2" edge="1">
          <mxGeometry relative="1" as="geometry">
            <Array as="points">
              <mxPoint x="570" y="610" />
              <mxPoint x="570" y="160" />
            </Array>
          </mxGeometry>
        </mxCell>
        <mxCell id="qTcGBZv1pBpt9COHuiPB-35" value="&lt;font style=&quot;font-size: 20px;&quot;&gt;si&lt;/font&gt;" style="edgeLabel;html=1;align=center;verticalAlign=middle;resizable=0;points=[];" parent="qTcGBZv1pBpt9COHuiPB-34" connectable="0" vertex="1">
          <mxGeometry x="-0.0555" y="4" relative="1" as="geometry">
            <mxPoint x="4" y="-18" as="offset" />
          </mxGeometry>
        </mxCell>
        <mxCell id="qTcGBZv1pBpt9COHuiPB-38" style="edgeStyle=orthogonalEdgeStyle;rounded=0;orthogonalLoop=1;jettySize=auto;html=1;exitX=0.5;exitY=1;exitDx=0;exitDy=0;entryX=0.5;entryY=0;entryDx=0;entryDy=0;" parent="1" source="qTcGBZv1pBpt9COHuiPB-33" target="qTcGBZv1pBpt9COHuiPB-36" edge="1">
          <mxGeometry relative="1" as="geometry" />
        </mxCell>
        <mxCell id="qTcGBZv1pBpt9COHuiPB-41" value="no" style="edgeLabel;html=1;align=center;verticalAlign=middle;resizable=0;points=[];" parent="qTcGBZv1pBpt9COHuiPB-38" connectable="0" vertex="1">
          <mxGeometry x="-0.2933" y="1" relative="1" as="geometry">
            <mxPoint as="offset" />
          </mxGeometry>
        </mxCell>
        <mxCell id="qTcGBZv1pBpt9COHuiPB-33" value="desea seguir comprando?" style="rhombus;whiteSpace=wrap;html=1;" parent="1" vertex="1">
          <mxGeometry x="75.00000000000011" y="570" width="80" height="80" as="geometry" />
        </mxCell>
        <mxCell id="qTcGBZv1pBpt9COHuiPB-40" style="edgeStyle=orthogonalEdgeStyle;rounded=0;orthogonalLoop=1;jettySize=auto;html=1;exitX=0.5;exitY=1;exitDx=0;exitDy=0;entryX=0.5;entryY=0;entryDx=0;entryDy=0;" parent="1" source="qTcGBZv1pBpt9COHuiPB-36" target="qTcGBZv1pBpt9COHuiPB-42" edge="1">
          <mxGeometry relative="1" as="geometry" />
        </mxCell>
        <mxCell id="qTcGBZv1pBpt9COHuiPB-36" value="se ingresa al sistema de pago" style="html=1;align=center;verticalAlign=top;rounded=1;absoluteArcSize=1;arcSize=10;dashed=0;whiteSpace=wrap;" parent="1" vertex="1">
          <mxGeometry x="66.99999999999989" y="700" width="96" height="40" as="geometry" />
        </mxCell>
        <mxCell id="qTcGBZv1pBpt9COHuiPB-37" value="" style="ellipse;html=1;shape=endState;fillColor=strokeColor;" parent="1" vertex="1">
          <mxGeometry x="100" y="870" width="30" height="30" as="geometry" />
        </mxCell>
        <mxCell id="qTcGBZv1pBpt9COHuiPB-43" style="edgeStyle=orthogonalEdgeStyle;rounded=0;orthogonalLoop=1;jettySize=auto;html=1;exitX=0.5;exitY=1;exitDx=0;exitDy=0;" parent="1" source="qTcGBZv1pBpt9COHuiPB-42" target="qTcGBZv1pBpt9COHuiPB-37" edge="1">
          <mxGeometry relative="1" as="geometry" />
        </mxCell>
        <mxCell id="qTcGBZv1pBpt9COHuiPB-42" value="pagar el/los productos" style="html=1;align=center;verticalAlign=top;rounded=1;absoluteArcSize=1;arcSize=10;dashed=0;whiteSpace=wrap;" parent="1" vertex="1">
          <mxGeometry x="66.99999999999989" y="790" width="96" height="40" as="geometry" />
        </mxCell>
      </root>
    </mxGraphModel>
  </diagram>
</mxfile>
